no	title	cid	url	first_pub	words	volume
1	第1章 玩游戏吗？玩之前先开颅那种	632217048	https://www.qidian.com/chapter/1025901449/632217048/	2021-01-25 11:03:07	2316	free
2	第2章 和睦的邻里关系	632218435	https://www.qidian.com/chapter/1025901449/632218435/	2021-01-25 11:07:12	2571	free
3	第3章 睡觉！	632311298	https://www.qidian.com/chapter/1025901449/632311298/	2021-01-25 19:54:43	2554	free
4	第4章 朝着不可言说的方向发展了	632374822	https://www.qidian.com/chapter/1025901449/632374822/	2021-01-26 12:00:00	2449	free
5	第5章 你管这叫休闲治愈游戏？	632375121	https://www.qidian.com/chapter/1025901449/632375121/	2021-01-26 20:00:00	2424	free
6	第6章 社恐好了，但是人疯了	632557440	https://www.qidian.com/chapter/1025901449/632557440/	2021-01-27 09:47:16	2316	free
7	第7章 厉雪	632625314	https://www.qidian.com/chapter/1025901449/632625314/	2021-01-27 17:34:31	2540	free
8	第8章 系统判定的好人	632718862	https://www.qidian.com/chapter/1025901449/632718862/	2021-01-28 10:50:47	2016	free
9	第9章 他演的就跟亲身经历过一样	632719274	https://www.qidian.com/chapter/1025901449/632719274/	2021-01-28 10:52:59	2269	free
10	第10章 冰箱	632959661	https://www.qidian.com/chapter/1025901449/632959661/	2021-01-29 12:00:18	2149	free
11	第11章 既然打不过，那就加入“它们”好了	632959828	https://www.qidian.com/chapter/1025901449/632959828/	2021-01-29 12:03:06	2269	free
12	第12章 楼道里的人	633195979	https://www.qidian.com/chapter/1025901449/633195979/	2021-01-30 11:58:34	2179	free
13	第13章 第二个任务看电视	633200553	https://www.qidian.com/chapter/1025901449/633200553/	2021-01-30 12:48:03	2114	free
14	第14章 等级二	633318286	https://www.qidian.com/chapter/1025901449/633318286/	2021-01-31 12:14:18	2267	free
15	第15章 是谁在治愈谁？	633399191	https://www.qidian.com/chapter/1025901449/633399191/	2021-01-31 18:42:22	2030	free
16	第16章 房东的戒指	633661664	https://www.qidian.com/chapter/1025901449/633661664/	2021-02-01 12:06:32	2073	free
17	第17章 要不要我来教你演反派？	633728476	https://www.qidian.com/chapter/1025901449/633728476/	2021-02-01 17:55:44	2455	free
18	第18章 恶之花（感谢萌萌哒露露的白银盟！）	633843122	https://www.qidian.com/chapter/1025901449/633843122/	2021-02-02 11:04:33	2117	free
19	第19章 我，勤勉努力，积极向上	633925494	https://www.qidian.com/chapter/1025901449/633925494/	2021-02-02 20:05:04	2073	free
20	第20章 人在害怕时候的勇敢（感谢幻羽的白银盟！）	634024204	https://www.qidian.com/chapter/1025901449/634024204/	2021-02-03 12:40:01	2253	free
21	第21章 三兄弟	634205816	https://www.qidian.com/chapter/1025901449/634205816/	2021-02-03 21:22:48	2170	free
22	第22章 这孩子非要来我们家玩	634315920	https://www.qidian.com/chapter/1025901449/634315920/	2021-02-04 12:33:34	2070	free
23	第23章 我的捉迷藏游戏	634388311	https://www.qidian.com/chapter/1025901449/634388311/	2021-02-04 18:27:09	3052	free
24	第24章 假如生命只剩下24小时	634495581	https://www.qidian.com/chapter/1025901449/634495581/	2021-02-05 12:00:00	2120	free
25	第25章 我就那么随口一说	634572616	https://www.qidian.com/chapter/1025901449/634572616/	2021-02-05 17:57:35	2130	free
26	第26章 专属能力捉迷藏	634673855	https://www.qidian.com/chapter/1025901449/634673855/	2021-02-06 12:01:53	2130	free
27	第27章 逐渐浮现的真相	634673976	https://www.qidian.com/chapter/1025901449/634673976/	2021-02-06 18:00:00	2077	free
28	第28章 公寓楼生存守则	634808730	https://www.qidian.com/chapter/1025901449/634808730/	2021-02-07 12:03:45	2056	free
29	第29章 黎明前的通讯	634808801	https://www.qidian.com/chapter/1025901449/634808801/	2021-02-07 18:00:00	2051	free
30	第30章 黄赢	635205483	https://www.qidian.com/chapter/1025901449/635205483/	2021-02-08 18:18:25	2611	free
31	第31章 黑色的箱子	635239927	https://www.qidian.com/chapter/1025901449/635239927/	2021-02-08 22:51:29	2239	free
32	第32章 怪谈里都是骗人的	635322880	https://www.qidian.com/chapter/1025901449/635322880/	2021-02-09 18:05:55	2271	free
33	第33章 害怕的睡不着（稍微有一丢丢吓人）	635362836	https://www.qidian.com/chapter/1025901449/635362836/	2021-02-09 23:11:17	2229	free
34	第34章 拼图案	635412478	https://www.qidian.com/chapter/1025901449/635412478/	2021-02-10 13:13:02	2111	free
35	第35章 房东的遗产	635485071	https://www.qidian.com/chapter/1025901449/635485071/	2021-02-10 23:12:55	2182	free
36	第36章 相亲相爱一家人（新年快乐！）	635522266	https://www.qidian.com/chapter/1025901449/635522266/	2021-02-11 11:22:25	2233	free
37	第37章 我找到了最后一块拼图	635546388	https://www.qidian.com/chapter/1025901449/635546388/	2021-02-11 17:04:17	2161	free
38	第38章 没人知道她的名字	635607958	https://www.qidian.com/chapter/1025901449/635607958/	2021-02-12 11:11:35	2269	free
39	第39章 猎凶！	635665934	https://www.qidian.com/chapter/1025901449/635665934/	2021-02-12 23:17:23	2267	free
40	第40章 不会破案的喜剧演员不是好玩家	635698646	https://www.qidian.com/chapter/1025901449/635698646/	2021-02-13 12:06:00	2169	free
41	第41章 我会给它一个结局	635698756	https://www.qidian.com/chapter/1025901449/635698756/	2021-02-13 18:00:00	2353	free
42	第42章 你配做主角吗？	635747426	https://www.qidian.com/chapter/1025901449/635747426/	2021-02-14 12:00:00	2042	free
43	第43章 他的眼神太吓人了	635747502	https://www.qidian.com/chapter/1025901449/635747502/	2021-02-14 18:00:00	2120	free
44	第44章 魏有福的指引	635956308	https://www.qidian.com/chapter/1025901449/635956308/	2021-02-15 23:36:58	3133	free
45	第45章 善意遇见善意	636026766	https://www.qidian.com/chapter/1025901449/636026766/	2021-02-16 19:28:06	2049	free
46	第46章 五楼	636054298	https://www.qidian.com/chapter/1025901449/636054298/	2021-02-16 23:20:34	2057	free
47	第47章 不要回头看	636123102	https://www.qidian.com/chapter/1025901449/636123102/	2021-02-17 18:25:30	2073	free
48	第48章 韩非的礼物	636161048	https://www.qidian.com/chapter/1025901449/636161048/	2021-02-17 23:35:15	2109	free
49	第49章 吃人的房间	636240251	https://www.qidian.com/chapter/1025901449/636240251/	2021-02-18 19:37:34	2185	free
50	第50章 请吃饭的漂亮姐姐？	636240307	https://www.qidian.com/chapter/1025901449/636240307/	2021-02-18 19:39:21	2072	free
51	第51章 她已经算是比较正常的邻居了	636358803	https://www.qidian.com/chapter/1025901449/636358803/	2021-02-19 17:01:48	2073	free
52	第52章 等级四	636359097	https://www.qidian.com/chapter/1025901449/636359097/	2021-02-19 17:05:44	2191	free
53	第53章 死者书写的名字	636520358	https://www.qidian.com/chapter/1025901449/636520358/	2021-02-20 19:31:07	2116	free
54	第54章 伊甸之屋	636520529	https://www.qidian.com/chapter/1025901449/636520529/	2021-02-20 19:37:13	2202	free
55	第55章 喜剧演员学习格斗不是很正常的一件事吗	636636841	https://www.qidian.com/chapter/1025901449/636636841/	2021-02-21 18:21:09	2223	free
56	第56章 最完美的主角	636636931	https://www.qidian.com/chapter/1025901449/636636931/	2021-02-21 18:23:18	2270	free
57	第57章 我来陪陪哭吧	636797598	https://www.qidian.com/chapter/1025901449/636797598/	2021-02-22 19:17:59	2030	free
58	第58章 三个关键的问题	636829218	https://www.qidian.com/chapter/1025901449/636829218/	2021-02-22 23:00:39	2134	free
59	第59章 拾金不昧的良好品德	636938852	https://www.qidian.com/chapter/1025901449/636938852/	2021-02-23 17:03:39	2299	free
60	第60章 飙升的友善度	636989713	https://www.qidian.com/chapter/1025901449/636989713/	2021-02-23 23:09:50	2217	free
61	第61章 你是不是有病？	637123307	https://www.qidian.com/chapter/1025901449/637123307/	2021-02-24 20:54:19	2111	free
62	第62章 推心置腹，肝胆相照，两肋插刀	637123363	https://www.qidian.com/chapter/1025901449/637123363/	2021-02-24 20:56:07	2722	free
63	第63章 天堂电影院工作证	637297658	https://www.qidian.com/chapter/1025901449/637297658/	2021-02-25 22:17:36	2097	free
64	第64章我希望你做的第一件事	637297729	https://www.qidian.com/chapter/1025901449/637297729/	2021-02-25 22:18:08	2794	free
65	第65章 头颅中的另一个我	637582158	https://www.qidian.com/chapter/1025901449/637582158/	2021-02-26 19:25:43	2250	free
66	第66章 地下冰库	637640033	https://www.qidian.com/chapter/1025901449/637640033/	2021-02-26 22:49:36	2081	free
67	第67章 照片	637864299	https://www.qidian.com/chapter/1025901449/637864299/	2021-02-27 22:34:26	2115	free
68	第68章 纯粹的恶	637864383	https://www.qidian.com/chapter/1025901449/637864383/	2021-02-27 22:34:52	2562	free
69	第69章 失常的亲人们	638078211	https://www.qidian.com/chapter/1025901449/638078211/	2021-02-28 22:54:59	2300	free
70	第70章 最不幸的人才会拥有黑盒	638079594	https://www.qidian.com/chapter/1025901449/638079594/	2021-02-28 23:07:11	2032	free
71	第71章 生命中的最后一次	638323468	https://www.qidian.com/chapter/1025901449/638323468/	2021-03-01 21:52:11	2106	free
72	第72章 独幕	638323629	https://www.qidian.com/chapter/1025901449/638323629/	2021-03-01 21:58:08	2056	free
73	第73章 他成为主角的理由	638374668	https://www.qidian.com/chapter/1025901449/638374668/	2021-03-02 11:43:48	2211	free
74	第74章 第一个F级任务	638462709	https://www.qidian.com/chapter/1025901449/638462709/	2021-03-02 21:16:39	2163	free
75	第75章 一位很能打的喜剧演员路过	638543171	https://www.qidian.com/chapter/1025901449/638543171/	2021-03-03 12:42:14	2227	free
76	第76章 镜神的游戏	638616210	https://www.qidian.com/chapter/1025901449/638616210/	2021-03-03 18:09:21	2085	free
77	第77章 你哭它也哭，你笑它也笑	638727147	https://www.qidian.com/chapter/1025901449/638727147/	2021-03-04 12:06:38	2252	free
78	第78章 男主韩非！	638755814	https://www.qidian.com/chapter/1025901449/638755814/	2021-03-04 18:00:00	2223	free
79	第79章 分饰两角	638885427	https://www.qidian.com/chapter/1025901449/638885427/	2021-03-05 12:09:58	2030	free
80	第80章 第一位活人粉丝	638887584	https://www.qidian.com/chapter/1025901449/638887584/	2021-03-05 18:00:00	2109	free
81	第81章 梦想实现的猝不及防	639514319	https://www.qidian.com/chapter/1025901449/639514319/	2021-03-06 12:00:00	2103	free
82	第82章 清空六楼	639514471	https://www.qidian.com/chapter/1025901449/639514471/	2021-03-06 18:00:00	2140	free
83	第83章 八楼	639644173	https://www.qidian.com/chapter/1025901449/639644173/	2021-03-07 12:00:00	2061	free
84	第84章 瞳屋	639644224	https://www.qidian.com/chapter/1025901449/639644224/	2021-03-07 18:00:00	2016	free
85	第85章 它正在看着我	639766563	https://www.qidian.com/chapter/1025901449/639766563/	2021-03-08 12:00:00	2043	free
86	第86章 恨意编织的房间	639766626	https://www.qidian.com/chapter/1025901449/639766626/	2021-03-08 18:00:00	2099	free
87	第87章 我不可以住进你的眼睛	639952319	https://www.qidian.com/chapter/1025901449/639952319/	2021-03-09 12:00:00	2037	free
88	第88章 生日礼物	639952383	https://www.qidian.com/chapter/1025901449/639952383/	2021-03-09 18:00:00	2135	free
89	第89章 拍戏是业余爱好，主业是见义勇为	640071889	https://www.qidian.com/chapter/1025901449/640071889/	2021-03-10 12:00:00	2155	free
90	第90章 去九楼的人很多，但他们全都没有再回来	640072075	https://www.qidian.com/chapter/1025901449/640072075/	2021-03-10 18:00:00	2126	free
91	第91章 楼长	640222035	https://www.qidian.com/chapter/1025901449/640222035/	2021-03-11 12:00:00	2135	free
92	第92章 十死无生的轮回	640222067	https://www.qidian.com/chapter/1025901449/640222067/	2021-03-11 18:00:00	2066	free
93	第93章 管理者是谁？	640363809	https://www.qidian.com/chapter/1025901449/640363809/	2021-03-12 12:00:00	2077	free
94	第94章 危险游戏	640363859	https://www.qidian.com/chapter/1025901449/640363859/	2021-03-12 18:00:00	2287	free
95	第95章 你接着嘻嘻啊！	640685390	https://www.qidian.com/chapter/1025901449/640685390/	2021-03-13 12:00:00	2041	free
96	第96章 通关的唯一方法	640685508	https://www.qidian.com/chapter/1025901449/640685508/	2021-03-13 18:00:00	2707	free
97	第97章 F级天赋招魂！	640685669	https://www.qidian.com/chapter/1025901449/640685669/	2021-03-14 12:00:00	2188	free
98	第98章 十楼	640685841	https://www.qidian.com/chapter/1025901449/640685841/	2021-03-14 18:00:00	2035	free
99	第99章 小八	640929308	https://www.qidian.com/chapter/1025901449/640929308/	2021-03-15 11:46:51	2143	free
100	第100章 这个世界的家人	640929346	https://www.qidian.com/chapter/1025901449/640929346/	2021-03-15 18:00:00	2238	free
101	第101章 你我有一段“阴”缘	640929541	https://www.qidian.com/chapter/1025901449/640929541/	2021-03-16 12:00:00	2038	free
102	第102章 以这种方式上热搜的演员，你是第一个	640929627	https://www.qidian.com/chapter/1025901449/640929627/	2021-03-16 18:00:00	2077	free
103	第103章 体力为十的男人	641281958	https://www.qidian.com/chapter/1025901449/641281958/	2021-03-17 12:00:00	2792	free
104	第104章 招魂！	641281978	https://www.qidian.com/chapter/1025901449/641281978/	2021-03-17 18:00:00	2224	free
105	第105章 满脸疑惑的黄赢	641432300	https://www.qidian.com/chapter/1025901449/641432300/	2021-03-18 11:55:33	2067	free
106	第106章 没有玩过的阴间版本	641432358	https://www.qidian.com/chapter/1025901449/641432358/	2021-03-18 12:00:33	2055	free
	十更情谊在！	641432694	https://www.qidian.com/chapter/1025901449/641432694/	2021-03-18 12:01:59	53	ext
107	第107章 当事人已经忘记挣扎（第一更）	641586215	https://www.qidian.com/chapter/1025901449/641586215/	2021-03-19 12:01:36	2088	free
108	第108章 夜游神!（第二更）	641586277	https://www.qidian.com/chapter/1025901449/641586277/	2021-03-19 12:02:10	2149	vip
109	第109章 徐琴身上的诅咒（第三更）	641586339	https://www.qidian.com/chapter/1025901449/641586339/	2021-03-19 12:02:37	2081	vip
110	第110章 流下了被治愈的泪水（第四更求月票）	641586397	https://www.qidian.com/chapter/1025901449/641586397/	2021-03-19 12:03:48	2090	vip
111	第111章 房东的日记（第五更求月票）	641586476	https://www.qidian.com/chapter/1025901449/641586476/	2021-03-19 12:04:21	2053	vip
112	第112章 救了狗仔队的演员（第六更求月票）	641586505	https://www.qidian.com/chapter/1025901449/641586505/	2021-03-19 12:05:16	2006	vip
113	第113章 曲文侯（第七更求月票）	641586598	https://www.qidian.com/chapter/1025901449/641586598/	2021-03-19 12:05:52	2098	vip
114	第114章 现在轮到我们来帮你了（第八更求月票）	641586634	https://www.qidian.com/chapter/1025901449/641586634/	2021-03-19 12:06:26	2235	vip
115	第115章 最恐怖的怨念！（第九更求月票）	641586675	https://www.qidian.com/chapter/1025901449/641586675/	2021-03-19 12:08:44	2464	vip
116	第116章 幸福小区业主委员会（第十更求月票）	641595250	https://www.qidian.com/chapter/1025901449/641595250/	2021-03-19 14:09:31	2105	vip
117	第117章 那个学校的孩子需要被拯救	641758531	https://www.qidian.com/chapter/1025901449/641758531/	2021-03-20 11:28:13	3078	vip
	给力！	641758669	https://www.qidian.com/chapter/1025901449/641758669/	2021-03-20 12:00:20	165	ext
118	第118章 我技术过硬，你八字过硬，我们很配	641793602	https://www.qidian.com/chapter/1025901449/641793602/	2021-03-20 18:27:34	3300	vip
119	第119章 十字路口的一百种死法	641879696	https://www.qidian.com/chapter/1025901449/641879696/	2021-03-21 12:38:58	3412	vip
120	第120章 敲碗，撒米，烧照片	641916129	https://www.qidian.com/chapter/1025901449/641916129/	2021-03-21 19:07:27	3048	vip
121	第121章 需要我来送你回家吗？	641994489	https://www.qidian.com/chapter/1025901449/641994489/	2021-03-22 12:30:08	2209	vip
122	第122章 深夜便利店	642045757	https://www.qidian.com/chapter/1025901449/642045757/	2021-03-22 19:18:03	3251	vip
123	第123章 如果我说我是来应聘的，你信吗？	642206129	https://www.qidian.com/chapter/1025901449/642206129/	2021-03-23 13:22:25	2062	vip
124	第124章 第一份工作	642260628	https://www.qidian.com/chapter/1025901449/642260628/	2021-03-23 19:04:09	3127	vip
125	第125章 打工是不可能打工的	642374772	https://www.qidian.com/chapter/1025901449/642374772/	2021-03-24 13:04:55	2415	vip
126	第126章 能拥有我这样的员工是老板的福报	642422917	https://www.qidian.com/chapter/1025901449/642422917/	2021-03-24 19:44:17	3095	vip
127	第127章 我就一个临时工	642506047	https://www.qidian.com/chapter/1025901449/642506047/	2021-03-25 13:36:57	3329	vip
128	第128章 狂人！	642552714	https://www.qidian.com/chapter/1025901449/642552714/	2021-03-25 18:57:07	2850	vip
129	第129章楼长回来了！	642640320	https://www.qidian.com/chapter/1025901449/642640320/	2021-03-26 11:47:39	2808	vip
130	第130章 F级诅咒物纸人	642679485	https://www.qidian.com/chapter/1025901449/642679485/	2021-03-26 18:00:00	2528	vip
131	第131章和谐的同事关系	642844609	https://www.qidian.com/chapter/1025901449/642844609/	2021-03-27 13:04:25	2670	vip
132	第132章 死亡的预兆	642902683	https://www.qidian.com/chapter/1025901449/642902683/	2021-03-27 22:38:17	2228	vip
133	第133章他讲的所有怪谈全部出现了	642963662	https://www.qidian.com/chapter/1025901449/642963662/	2021-03-28 15:07:51	2238	vip
134	第134章我想当校长	643028036	https://www.qidian.com/chapter/1025901449/643028036/	2021-03-28 20:26:57	2734	vip
135	第135章 李灾祸	643283651	https://www.qidian.com/chapter/1025901449/643283651/	2021-03-29 15:59:25	2745	vip
136	第136章 午夜旅馆	643336429	https://www.qidian.com/chapter/1025901449/643336429/	2021-03-29 22:27:32	2350	vip
137	第137章 作业写完了吗？	643389237	https://www.qidian.com/chapter/1025901449/643389237/	2021-03-30 12:58:55	2321	vip
138	第138章 哪有什么隔夜仇？	643436759	https://www.qidian.com/chapter/1025901449/643436759/	2021-03-30 18:21:59	3241	vip
139	第139章 尸体上的电话线	643569780	https://www.qidian.com/chapter/1025901449/643569780/	2021-03-31 18:37:33	2803	vip
140	第140章 思念化为了诅咒	643610119	https://www.qidian.com/chapter/1025901449/643610119/	2021-03-31 23:20:43	2510	vip
141	第141章 八级	643682707	https://www.qidian.com/chapter/1025901449/643682707/	2021-04-01 12:43:08	2085	vip
142	第142章 人生的转折点	643770500	https://www.qidian.com/chapter/1025901449/643770500/	2021-04-01 19:34:31	2232	vip
143	第143章 那是碎开囚笼的声音！（求月票）	643820832	https://www.qidian.com/chapter/1025901449/643820832/	2021-04-01 23:56:22	2153	vip
144	第144章 我是一个善良且有原则的人	643903493	https://www.qidian.com/chapter/1025901449/643903493/	2021-04-02 11:51:16	2236	vip
145	第145章 登榜	643985286	https://www.qidian.com/chapter/1025901449/643985286/	2021-04-02 18:24:47	2288	vip
146	第146章 我能把她家地暖直接接到地府（求月票）	644072126	https://www.qidian.com/chapter/1025901449/644072126/	2021-04-02 23:53:24	3259	vip
147	第147章 楼内的歌声	644167587	https://www.qidian.com/chapter/1025901449/644167587/	2021-04-03 14:58:43	2261	vip
148	第148章 开启学校地图	644209943	https://www.qidian.com/chapter/1025901449/644209943/	2021-04-03 20:42:23	2407	vip
149	第149章 不要吃别人给的东西（求月票）	644235816	https://www.qidian.com/chapter/1025901449/644235816/	2021-04-03 23:14:06	2103	vip
150	第150章 三个小孩	644334932	https://www.qidian.com/chapter/1025901449/644334932/	2021-04-04 16:12:46	2208	vip
151	第151章 小朋友的东西你也抢？	644393132	https://www.qidian.com/chapter/1025901449/644393132/	2021-04-04 23:11:14	2886	vip
152	第152章 人为营造出的怪谈事件	644499031	https://www.qidian.com/chapter/1025901449/644499031/	2021-04-05 17:05:20	2238	vip
153	第153章 韩非和警方的默契	644546981	https://www.qidian.com/chapter/1025901449/644546981/	2021-04-05 23:02:41	2870	vip
154	第154章 罐子里装着什么？	644670228	https://www.qidian.com/chapter/1025901449/644670228/	2021-04-06 17:34:23	2674	vip
155	第155章 金生的学院怪谈	644710418	https://www.qidian.com/chapter/1025901449/644710418/	2021-04-06 21:27:46	2434	vip
156	第156章 G级诅咒物许愿罐	644844469	https://www.qidian.com/chapter/1025901449/644844469/	2021-04-07 12:02:06	2062	vip
157	第157章 午夜的敲门声	644977442	https://www.qidian.com/chapter/1025901449/644977442/	2021-04-07 21:38:01	2298	vip
158	第158章 是谁把她变成了怪物	645086191	https://www.qidian.com/chapter/1025901449/645086191/	2021-04-08 12:26:07	2791	vip
159	第159章 屋内屋外全都是	645252282	https://www.qidian.com/chapter/1025901449/645252282/	2021-04-08 18:49:14	2763	vip
160	第160章 上映当天	645453389	https://www.qidian.com/chapter/1025901449/645453389/	2021-04-09 12:04:03	2257	vip
161	第161章 创造历史的新人！	645601549	https://www.qidian.com/chapter/1025901449/645601549/	2021-04-09 22:14:49	3101	vip
162	第162章 所谓记录不就是用来打破的吗？	645693587	https://www.qidian.com/chapter/1025901449/645693587/	2021-04-10 12:13:56	2414	vip
163	第163章 第三个夜晚	645742882	https://www.qidian.com/chapter/1025901449/645742882/	2021-04-10 19:09:24	2434	vip
164	第164章 背对人	645861798	https://www.qidian.com/chapter/1025901449/645861798/	2021-04-11 13:32:51	2558	vip
165	第165章 背对着你的脸	645914864	https://www.qidian.com/chapter/1025901449/645914864/	2021-04-11 20:43:31	2497	vip
166	第166章 全力以赴	646046247	https://www.qidian.com/chapter/1025901449/646046247/	2021-04-12 16:27:34	2094	vip
167	第167章 我救人的方式有些粗暴	646071449	https://www.qidian.com/chapter/1025901449/646071449/	2021-04-12 18:31:57	2046	vip
168	第168章 一脉相传的教育理念	646160445	https://www.qidian.com/chapter/1025901449/646160445/	2021-04-13 12:10:47	2401	vip
169	第169章 名师一对一辅导	646212202	https://www.qidian.com/chapter/1025901449/646212202/	2021-04-13 18:24:13	2158	vip
170	第170章 傅生和死楼	646490602	https://www.qidian.com/chapter/1025901449/646490602/	2021-04-14 19:41:16	3094	vip
	第二更没写完，明天三更补	646549394	https://www.qidian.com/chapter/1025901449/646549394/	2021-04-14 23:09:53	30	ext
171	第171章 隐藏职业（第一更）	646830483	https://www.qidian.com/chapter/1025901449/646830483/	2021-04-15 13:08:11	2093	vip
172	第172章 逃出寝室楼（第二更）	646915257	https://www.qidian.com/chapter/1025901449/646915257/	2021-04-15 18:13:40	2222	vip
173	第173章 录像带（第三更）	646951138	https://www.qidian.com/chapter/1025901449/646951138/	2021-04-15 21:21:05	2252	vip
174	第174章 你觉不觉得身上有点重？	647035993	https://www.qidian.com/chapter/1025901449/647035993/	2021-04-16 12:13:52	2610	vip
175	第175章 老李是个好人	647517818	https://www.qidian.com/chapter/1025901449/647517818/	2021-04-16 21:30:22	2119	vip
176	第176章 看见噩梦	647804587	https://www.qidian.com/chapter/1025901449/647804587/	2021-04-17 18:07:51	2147	vip
177	第177章 这都不是一个级别的	647815127	https://www.qidian.com/chapter/1025901449/647815127/	2021-04-17 20:13:02	3467	vip
178	第178章 畜牲巷，屠夫之家	647881660	https://www.qidian.com/chapter/1025901449/647881660/	2021-04-18 12:30:16	2032	vip
179	第179章 导演，我们什么时候上场？	647912430	https://www.qidian.com/chapter/1025901449/647912430/	2021-04-18 18:59:21	2268	vip
	第一百八十章 F级管理者任务——巡查教师	648165987	https://www.qidian.com/chapter/1025901449/648165987/	2021-04-19 18:49:14	2208	ext
181	第181章 金生眼中的世界	648166194	https://www.qidian.com/chapter/1025901449/648166194/	2021-04-19 18:57:56	2181	vip
182	第182章 和绝望赛跑	648247517	https://www.qidian.com/chapter/1025901449/648247517/	2021-04-20 11:45:23	2218	vip
183	第183章 我最擅长的游戏就是捉迷藏	648269996	https://www.qidian.com/chapter/1025901449/648269996/	2021-04-20 18:00:00	2099	vip
184	第184章 校长办公室	648444581	https://www.qidian.com/chapter/1025901449/648444581/	2021-04-21 12:38:33	2410	vip
185	第185章 你怎么变成这个样子了？	648526920	https://www.qidian.com/chapter/1025901449/648526920/	2021-04-21 20:43:30	2055	vip
186	第186章 杀死马满江	648598271	https://www.qidian.com/chapter/1025901449/648598271/	2021-04-22 12:13:54	2105	vip
187	第187章 宿管什么时候疯的？	648694306	https://www.qidian.com/chapter/1025901449/648694306/	2021-04-22 21:22:44	2133	vip
188	第188章 死亡只是开始	648758316	https://www.qidian.com/chapter/1025901449/648758316/	2021-04-23 12:44:01	2100	vip
189	第189章 15次重生（三万均订了~）	648844033	https://www.qidian.com/chapter/1025901449/648844033/	2021-04-23 19:19:49	2610	vip
190	第190章 对决	648926531	https://www.qidian.com/chapter/1025901449/648926531/	2021-04-24 13:12:10	2099	vip
191	第191章 金生！今生！（4000）	648964738	https://www.qidian.com/chapter/1025901449/648964738/	2021-04-24 20:01:48	4235	vip
192	第192章 唯一赢过蝴蝶的男人	649037392	https://www.qidian.com/chapter/1025901449/649037392/	2021-04-25 12:41:36	2134	vip
193	第193章 这已经超出了一个休闲玩家的认知	649037494	https://www.qidian.com/chapter/1025901449/649037494/	2021-04-25 18:00:00	2057	vip
194	第194章 我可不能白死那么多次	649170590	https://www.qidian.com/chapter/1025901449/649170590/	2021-04-26 12:00:00	2263	vip
195	第195章 有仇报仇，有怨报怨	649233627	https://www.qidian.com/chapter/1025901449/649233627/	2021-04-26 18:00:00	2395	vip
196	第196章 我想回家	649263844	https://www.qidian.com/chapter/1025901449/649263844/	2021-04-27 12:00:00	2217	vip
197	第197章 黄赢的视频	649397586	https://www.qidian.com/chapter/1025901449/649397586/	2021-04-27 17:48:09	2059	vip
198	第198章 凌晨三点三十	649542948	https://www.qidian.com/chapter/1025901449/649542948/	2021-04-28 12:00:00	2350	vip
199	第199章 层层恐惧	649543011	https://www.qidian.com/chapter/1025901449/649543011/	2021-04-28 18:00:00	2076	vip
200	第200章 勒住死神的脖颈	649566417	https://www.qidian.com/chapter/1025901449/649566417/	2021-04-29 12:00:00	2077	vip
201	第201章 喜剧演员和亡命徒	649605891	https://www.qidian.com/chapter/1025901449/649605891/	2021-04-29 18:00:00	2021	vip
202	第202章 人生中的第一位朋友	649647170	https://www.qidian.com/chapter/1025901449/649647170/	2021-04-30 12:00:00	2173	vip
203	第203章 不能让见义勇为的人寒心	649688112	https://www.qidian.com/chapter/1025901449/649688112/	2021-04-30 18:00:00	2429	vip
204	第204章 阴间更新时间（双倍了，求下月票）	649952872	https://www.qidian.com/chapter/1025901449/649952872/	2021-05-01 00:12:48	2338	vip
205	第205章 我们再晚来几天，他估计就混成校长了	650029465	https://www.qidian.com/chapter/1025901449/650029465/	2021-05-01 19:35:14	3103	vip
206	第206章 十级！（求月票）	650059242	https://www.qidian.com/chapter/1025901449/650059242/	2021-05-01 23:45:50	2820	vip
207	第207章 治愈系游戏里的职业	650101350	https://www.qidian.com/chapter/1025901449/650101350/	2021-05-02 12:41:18	2090	vip
208	第208章 悬疑小说家	650132411	https://www.qidian.com/chapter/1025901449/650132411/	2021-05-02 19:49:51	3124	vip
209	第209章 天黑后不能谈论的内容（三更求月票）	650156321	https://www.qidian.com/chapter/1025901449/650156321/	2021-05-02 23:23:18	3109	vip
210	第210章 蜘蛛和蝴蝶	650223861	https://www.qidian.com/chapter/1025901449/650223861/	2021-05-03 17:17:39	2444	vip
211	第211章 开始你的表演	650253020	https://www.qidian.com/chapter/1025901449/650253020/	2021-05-03 22:34:52	2633	vip
212	第212章 他的演技仿佛一把开刃的刀	650304256	https://www.qidian.com/chapter/1025901449/650304256/	2021-05-04 13:06:14	3009	vip
213	第213章 黄哥，你不愧是赢过蝴蝶的男人	650332879	https://www.qidian.com/chapter/1025901449/650332879/	2021-05-04 19:30:35	3097	vip
214	第214章 最佳拍档（三更求月票）	650348892	https://www.qidian.com/chapter/1025901449/650348892/	2021-05-04 22:14:55	2097	vip
215	第215章 请神容易	650402380	https://www.qidian.com/chapter/1025901449/650402380/	2021-05-05 13:46:20	3060	vip
216	第216章 送神难	650428617	https://www.qidian.com/chapter/1025901449/650428617/	2021-05-05 19:57:16	3081	vip
217	第217章 哭的突破（第三更）	650448857	https://www.qidian.com/chapter/1025901449/650448857/	2021-05-05 23:07:11	2239	vip
218	第218章 饺子馆	650503516	https://www.qidian.com/chapter/1025901449/650503516/	2021-05-06 13:50:19	2053	vip
219	第219章 我手里这个小盒子就是你最后的家	650536479	https://www.qidian.com/chapter/1025901449/650536479/	2021-05-06 19:38:32	2455	vip
220	第220章 哪有这么真挚的邻居关系？	650618074	https://www.qidian.com/chapter/1025901449/650618074/	2021-05-07 12:35:49	3051	vip
221	第221章 有一种畜牲长得像人	650659503	https://www.qidian.com/chapter/1025901449/650659503/	2021-05-07 18:23:42	2624	vip
222	第222章 肉！肉！肉！（三更求月票）	650689007	https://www.qidian.com/chapter/1025901449/650689007/	2021-05-07 23:09:28	3238	vip
223	第223章 剧组里怪事频发	650764730	https://www.qidian.com/chapter/1025901449/650764730/	2021-05-08 16:28:03	2227	vip
224	第224章 特技演员都不敢轻易尝试的动作	650827310	https://www.qidian.com/chapter/1025901449/650827310/	2021-05-08 19:52:20	3637	vip
225	第225章 我幸运值为九（三更）	650884400	https://www.qidian.com/chapter/1025901449/650884400/	2021-05-08 23:08:35	2254	vip
226	第226章 屠夫的刀	650990773	https://www.qidian.com/chapter/1025901449/650990773/	2021-05-09 18:13:36	2713	vip
227	第227章 屠夫的选择	651012379	https://www.qidian.com/chapter/1025901449/651012379/	2021-05-09 22:12:31	2259	vip
228	第228章 走向屠夫的第一步	651107625	https://www.qidian.com/chapter/1025901449/651107625/	2021-05-10 17:47:05	2846	vip
229	第229章 血雾中相遇	651161019	https://www.qidian.com/chapter/1025901449/651161019/	2021-05-10 22:47:40	2048	vip
230	第230章 我愿意和你一起变成他们口中的怪物	651219619	https://www.qidian.com/chapter/1025901449/651219619/	2021-05-11 12:57:30	3204	vip
231	第231章 丧门	651292245	https://www.qidian.com/chapter/1025901449/651292245/	2021-05-11 18:52:04	2345	vip
232	第232章 肉联厂	651383434	https://www.qidian.com/chapter/1025901449/651383434/	2021-05-12 13:31:34	3327	vip
233	第233章 灵魂的重量	651430121	https://www.qidian.com/chapter/1025901449/651430121/	2021-05-12 18:23:57	2422	vip
234	第234章 肉联厂的管理者	651461043	https://www.qidian.com/chapter/1025901449/651461043/	2021-05-12 22:34:00	2547	vip
235	第235章 爬上人性的天平	651531793	https://www.qidian.com/chapter/1025901449/651531793/	2021-05-13 13:56:25	2220	vip
236	第236章 韩非的屠刀	651568626	https://www.qidian.com/chapter/1025901449/651568626/	2021-05-13 18:39:50	3101	vip
237	第237章 午夜屠夫	651663983	https://www.qidian.com/chapter/1025901449/651663983/	2021-05-14 13:58:13	2054	vip
238	第238章 我能升到十一级就是个奇迹	651731376	https://www.qidian.com/chapter/1025901449/651731376/	2021-05-14 19:43:34	2250	vip
239	第239章 我什么都没做，友善度却一直在增加	651838101	https://www.qidian.com/chapter/1025901449/651838101/	2021-05-15 21:42:55	2482	vip
240	第240章 徐琴杀了八号？	651888068	https://www.qidian.com/chapter/1025901449/651888068/	2021-05-16 11:06:38	2215	vip
241	第241章 梦中飞出的蝴蝶	651926968	https://www.qidian.com/chapter/1025901449/651926968/	2021-05-16 19:36:24	2022	vip
242	第242章 未命名的希望	651928133	https://www.qidian.com/chapter/1025901449/651928133/	2021-05-16 19:52:27	2218	vip
243	第243章 你让我砍一刀不就知道了？	651997298	https://www.qidian.com/chapter/1025901449/651997298/	2021-05-17 12:20:14	2661	vip
244	第244章 职场杀手	652038558	https://www.qidian.com/chapter/1025901449/652038558/	2021-05-17 16:16:43	2822	vip
245	第245章 我在剧中饰演他的父亲	652198501	https://www.qidian.com/chapter/1025901449/652198501/	2021-05-18 16:17:08	2652	vip
246	第246章 那东西越来越近了	652235943	https://www.qidian.com/chapter/1025901449/652235943/	2021-05-18 19:20:37	2079	vip
247	第247章 风铃中的父亲	652322645	https://www.qidian.com/chapter/1025901449/652322645/	2021-05-19 12:55:27	2218	vip
248	第248章 蝴蝶的弱点	652384673	https://www.qidian.com/chapter/1025901449/652384673/	2021-05-19 20:50:57	3051	vip
249	第249章 齐聚屠夫之家	652517341	https://www.qidian.com/chapter/1025901449/652517341/	2021-05-20 16:04:18	2406	vip
250	第250章 画里的徐琴	652561308	https://www.qidian.com/chapter/1025901449/652561308/	2021-05-20 23:08:20	2161	vip
251	第251章 心理病变倒计时	652617898	https://www.qidian.com/chapter/1025901449/652617898/	2021-05-21 12:51:28	2312	vip
252	第252章 徐琴的百咒本体	652706437	https://www.qidian.com/chapter/1025901449/652706437/	2021-05-21 19:32:38	2275	vip
253	第253章 血肉之躯	652793817	https://www.qidian.com/chapter/1025901449/652793817/	2021-05-22 13:19:41	3430	vip
254	第254章 另外半颗心的下落	652836478	https://www.qidian.com/chapter/1025901449/652836478/	2021-05-22 19:08:26	2438	vip
255	第255章 最后的时刻！	652931582	https://www.qidian.com/chapter/1025901449/652931582/	2021-05-23 15:41:30	4019	vip
256	第256章 在阴间也要万众瞩目	652963361	https://www.qidian.com/chapter/1025901449/652963361/	2021-05-23 21:40:45	2451	vip
257	第257章 苏醒的蜘蛛	653034217	https://www.qidian.com/chapter/1025901449/653034217/	2021-05-24 12:23:06	2101	vip
258	第258章 可惜后来我们都变成了疯子	653102491	https://www.qidian.com/chapter/1025901449/653102491/	2021-05-24 20:21:33	3038	vip
259	第259章 触发了奇怪的隐藏职业？	653161079	https://www.qidian.com/chapter/1025901449/653161079/	2021-05-25 11:09:54	2046	vip
260	第260章 我是这个行业最后的希望	653212277	https://www.qidian.com/chapter/1025901449/653212277/	2021-05-25 16:09:59	2462	vip
261	第261章 集体友善度加三	653358031	https://www.qidian.com/chapter/1025901449/653358031/	2021-05-26 11:55:58	2414	vip
262	第262章 不益民的益民便利店？	653441045	https://www.qidian.com/chapter/1025901449/653441045/	2021-05-26 17:01:55	2453	vip
263	第263章 危险拍摄	653625945	https://www.qidian.com/chapter/1025901449/653625945/	2021-05-27 14:19:37	2822	vip
264	第264章 你真以为我是因为害怕才逃跑的吗？	653701802	https://www.qidian.com/chapter/1025901449/653701802/	2021-05-27 21:50:10	2091	vip
265	第265章 收手吧！韩非！	653911671	https://www.qidian.com/chapter/1025901449/653911671/	2021-05-28 21:34:26	2274	vip
266	第266章 别害怕，我们都是人质	653987095	https://www.qidian.com/chapter/1025901449/653987095/	2021-05-29 12:19:27	2441	vip
267	第267章 随机挑选一名“幸运”罪犯	654013642	https://www.qidian.com/chapter/1025901449/654013642/	2021-05-29 18:14:24	2426	vip
268	第268章 楼长的礼物（三更）	654037007	https://www.qidian.com/chapter/1025901449/654037007/	2021-05-29 22:22:03	3122	vip
269	第269章 镜神的委托	654131818	https://www.qidian.com/chapter/1025901449/654131818/	2021-05-30 15:21:38	2245	vip
270	第270章 宠物店	654143068	https://www.qidian.com/chapter/1025901449/654143068/	2021-05-30 17:31:04	2473	vip
271	第271章 小猫咪能有什么坏心思？	654285874	https://www.qidian.com/chapter/1025901449/654285874/	2021-05-31 15:55:25	2253	vip
272	第272章 杀多少次都杀不死？	654351411	https://www.qidian.com/chapter/1025901449/654351411/	2021-05-31 19:07:29	2720	vip
273	第273章 血肉类宠物九命	654448707	https://www.qidian.com/chapter/1025901449/654448707/	2021-06-01 15:26:57	2433	vip
274	第274章 诅咒物收集爱好者	654491702	https://www.qidian.com/chapter/1025901449/654491702/	2021-06-01 21:12:27	2626	vip
275	第275章 死楼——从应聘保安开始	654551221	https://www.qidian.com/chapter/1025901449/654551221/	2021-06-02 11:21:29	2268	vip
276	第276章 她的名字或许可以辟邪	654647817	https://www.qidian.com/chapter/1025901449/654647817/	2021-06-02 21:43:29	2406	vip
277	第277章 你们说的这个魔鬼，他跟我长得像吗？	654730195	https://www.qidian.com/chapter/1025901449/654730195/	2021-06-03 13:32:44	4030	vip
	喝大了，抱歉，今天写不出来了	655041719	https://www.qidian.com/chapter/1025901449/655041719/	2021-06-04 22:54:46	82	ext
278	第278章 第一次用游戏仓就干掉了游戏向导	655116662	https://www.qidian.com/chapter/1025901449/655116662/	2021-06-05 15:08:16	2675	vip
279	第279章 无路可退，那就一直向前	655162444	https://www.qidian.com/chapter/1025901449/655162444/	2021-06-05 22:46:47	2235	vip
280	第280章 把诅咒当做祝福来用	655226475	https://www.qidian.com/chapter/1025901449/655226475/	2021-06-06 15:07:16	2412	vip
281	第281章 保安公司的电梯	655236599	https://www.qidian.com/chapter/1025901449/655236599/	2021-06-06 17:12:37	2210	vip
282	第282章 人故事（三更）	655275396	https://www.qidian.com/chapter/1025901449/655275396/	2021-06-06 22:36:25	2297	vip
283	第283章 年轻保安	655346388	https://www.qidian.com/chapter/1025901449/655346388/	2021-06-07 13:08:57	2205	vip
284	第284章 我只是去看看你们老板而已	655403937	https://www.qidian.com/chapter/1025901449/655403937/	2021-06-07 17:21:41	2092	vip
285	第285章 原来我已经死了(三更）	655497871	https://www.qidian.com/chapter/1025901449/655497871/	2021-06-07 22:42:18	2311	vip
286	第286章 阴间公司的营业范围	655578878	https://www.qidian.com/chapter/1025901449/655578878/	2021-06-08 11:56:12	2452	vip
287	第287章 灵魂深处的花？	655635012	https://www.qidian.com/chapter/1025901449/655635012/	2021-06-08 18:56:15	2249	vip
288	第288章 我来了，保护神也就来了	655643929	https://www.qidian.com/chapter/1025901449/655643929/	2021-06-08 20:41:12	2080	vip
289	第289章 八首	655810174	https://www.qidian.com/chapter/1025901449/655810174/	2021-06-09 19:40:21	2405	vip
290	第290章 首杀大型怨念	655832324	https://www.qidian.com/chapter/1025901449/655832324/	2021-06-09 22:26:11	2280	vip
291	第291章 杀戮便是修行	655879581	https://www.qidian.com/chapter/1025901449/655879581/	2021-06-10 11:33:15	2266	vip
292	第292章 灾难等级提升，最快晋升速度	655950291	https://www.qidian.com/chapter/1025901449/655950291/	2021-06-10 18:18:16	2830	vip
293	第293章 益民街道新的保护神（三更）	655991494	https://www.qidian.com/chapter/1025901449/655991494/	2021-06-10 21:06:37	2020	vip
294	第294章 小区门口的神龛	656152279	https://www.qidian.com/chapter/1025901449/656152279/	2021-06-11 17:57:53	2044	vip
295	第295章 退出游戏时的血色世界	656172340	https://www.qidian.com/chapter/1025901449/656172340/	2021-06-11 19:25:48	2133	vip
296	第296章 被黄赢困住的蝴蝶	656213746	https://www.qidian.com/chapter/1025901449/656213746/	2021-06-11 22:23:12	2269	vip
297	第297章 死楼	656255667	https://www.qidian.com/chapter/1025901449/656255667/	2021-06-12 10:07:29	2013	vip
298	第298章 恐怖片导演和喜剧演员（4000）	656288094	https://www.qidian.com/chapter/1025901449/656288094/	2021-06-12 16:01:38	4206	vip
299	第299章 治愈系游戏里的血色地图	656419322	https://www.qidian.com/chapter/1025901449/656419322/	2021-06-13 20:02:59	3084	vip
300	第300章 哭的话就会死	656482533	https://www.qidian.com/chapter/1025901449/656482533/	2021-06-14 11:10:47	2211	vip
301	第301章 嫁衣女人的房间	656512127	https://www.qidian.com/chapter/1025901449/656512127/	2021-06-14 17:17:38	2054	vip
302	第302章 把歌声送给蝴蝶	656535343	https://www.qidian.com/chapter/1025901449/656535343/	2021-06-14 21:31:00	2074	vip
303	第303章 新来的保安叫白思念	656689221	https://www.qidian.com/chapter/1025901449/656689221/	2021-06-15 17:53:18	2321	vip
304	第304章 卫生间里挂着红裙子	656746584	https://www.qidian.com/chapter/1025901449/656746584/	2021-06-15 22:54:53	2306	vip
305	第305章 有人在家吗？	656793621	https://www.qidian.com/chapter/1025901449/656793621/	2021-06-16 11:24:00	2615	vip
306	第306章 送不走的红裙子	656874673	https://www.qidian.com/chapter/1025901449/656874673/	2021-06-16 22:07:10	2807	vip
307	第307章 夜间巡逻	656941365	https://www.qidian.com/chapter/1025901449/656941365/	2021-06-17 11:46:58	2825	vip
308	第308章 门后的小孩	657036150	https://www.qidian.com/chapter/1025901449/657036150/	2021-06-17 21:55:50	2610	vip
309	第309章 掐死自己的天使	657123217	https://www.qidian.com/chapter/1025901449/657123217/	2021-06-18 12:20:21	2878	vip
310	第310章 贾姨	657224842	https://www.qidian.com/chapter/1025901449/657224842/	2021-06-18 21:56:05	2036	vip
311	第311章 你是人？	657305575	https://www.qidian.com/chapter/1025901449/657305575/	2021-06-19 18:15:23	2618	vip
312	第312章 隐藏职业死楼保安	657330455	https://www.qidian.com/chapter/1025901449/657330455/	2021-06-19 22:19:11	2100	vip
313	第313章 被我碰到就会死	657418603	https://www.qidian.com/chapter/1025901449/657418603/	2021-06-20 19:49:50	2029	vip
314	第314章 裙子可不是用来穿的	657443003	https://www.qidian.com/chapter/1025901449/657443003/	2021-06-20 23:21:35	2023	vip
315	第315章 二十四楼	657647802	https://www.qidian.com/chapter/1025901449/657647802/	2021-06-21 23:41:49	2437	vip
316	第316章 这跟我可一点关系都没有啊！	657746456	https://www.qidian.com/chapter/1025901449/657746456/	2021-06-22 11:56:07	2257	vip
317	第317章 我，死楼最敬业的保安（4600）	657818194	https://www.qidian.com/chapter/1025901449/657818194/	2021-06-22 22:10:52	4633	vip
318	第318章 这是我入职死楼保安的第四个小时(4000)	657950907	https://www.qidian.com/chapter/1025901449/657950907/	2021-06-23 19:04:50	4020	vip
319	第319章 四月四日的夜晚	658106663	https://www.qidian.com/chapter/1025901449/658106663/	2021-06-24 13:16:34	2242	vip
320	第320章 驱“邪”	658231340	https://www.qidian.com/chapter/1025901449/658231340/	2021-06-24 19:40:45	2436	vip
	请一天病假，有医生开的证明……	658434182	https://www.qidian.com/chapter/1025901449/658434182/	2021-06-25 22:00:54	271	ext
321	第321章 1244号心房的隐秘（4000）	658521607	https://www.qidian.com/chapter/1025901449/658521607/	2021-06-26 16:21:27	4051	vip
322	第322章 恨意之源	658608183	https://www.qidian.com/chapter/1025901449/658608183/	2021-06-27 12:48:10	2408	vip
323	第323章 失败的作品	658644891	https://www.qidian.com/chapter/1025901449/658644891/	2021-06-27 20:33:03	2253	vip
324	第324章 十三级	658708690	https://www.qidian.com/chapter/1025901449/658708690/	2021-06-28 11:20:04	2483	vip
325	第325章 任务奖励庄雯的人性	658776501	https://www.qidian.com/chapter/1025901449/658776501/	2021-06-28 20:33:14	2270	vip
326	第326章 意外完成了跳楼灵的心愿	658894667	https://www.qidian.com/chapter/1025901449/658894667/	2021-06-29 15:49:25	2016	vip
327	第327章 委屈的商人	659019910	https://www.qidian.com/chapter/1025901449/659019910/	2021-06-29 23:28:35	2130	vip
328	第328章 穿着红裙的女人	659122610	https://www.qidian.com/chapter/1025901449/659122610/	2021-06-30 15:06:42	3268	vip
329	第329章 斩！	659178139	https://www.qidian.com/chapter/1025901449/659178139/	2021-06-30 19:40:36	2272	vip
330	第330章 最接近恨意的灵魂	659378915	https://www.qidian.com/chapter/1025901449/659378915/	2021-07-01 18:48:40	2016	vip
331	第331章 获得小区业主的认可（多么正常的题目）	659422540	https://www.qidian.com/chapter/1025901449/659422540/	2021-07-01 22:37:57	2093	vip
332	第332章 通往死亡的衣柜	659544394	https://www.qidian.com/chapter/1025901449/659544394/	2021-07-02 15:38:24	2215	vip
333	第333章 预知死亡的梦	659653232	https://www.qidian.com/chapter/1025901449/659653232/	2021-07-02 21:32:45	2163	vip
334	第334章 蝴蝶的衣柜	659747771	https://www.qidian.com/chapter/1025901449/659747771/	2021-07-03 11:01:00	2014	vip
335	第335章 偷人的衣柜	659810880	https://www.qidian.com/chapter/1025901449/659810880/	2021-07-03 22:38:56	2087	vip
336	第336章 丰子喻的下落	659882749	https://www.qidian.com/chapter/1025901449/659882749/	2021-07-04 17:19:11	3031	vip
337	第337章 这见鬼的奔跑速度	659914624	https://www.qidian.com/chapter/1025901449/659914624/	2021-07-04 22:35:12	2083	vip
338	第338章 兴奋的大孽（4000）	660087348	https://www.qidian.com/chapter/1025901449/660087348/	2021-07-05 22:13:03	4026	vip
339	第339章 嘴巴里的出口	660132953	https://www.qidian.com/chapter/1025901449/660132953/	2021-07-06 10:47:04	2231	vip
340	第340章 在死楼招魂是种什么样的体验	660195457	https://www.qidian.com/chapter/1025901449/660195457/	2021-07-06 21:13:28	2218	vip
341	第341章 母女三人	660257271	https://www.qidian.com/chapter/1025901449/660257271/	2021-07-07 11:15:12	2275	vip
342	第342章 想清楚谁是人质再动手	660373998	https://www.qidian.com/chapter/1025901449/660373998/	2021-07-07 23:08:40	2107	vip
343	第343章 4144？	660465566	https://www.qidian.com/chapter/1025901449/660465566/	2021-07-08 13:36:02	2275	vip
344	第344章 上任楼长的线索	660577579	https://www.qidian.com/chapter/1025901449/660577579/	2021-07-08 23:07:33	2203	vip
345	第345章 一直活到现在的保安	660817997	https://www.qidian.com/chapter/1025901449/660817997/	2021-07-09 23:46:49	4087	vip
346	第346章 追魂人	660919052	https://www.qidian.com/chapter/1025901449/660919052/	2021-07-10 23:34:03	2051	vip
347	第347章 把韩非当作祭品	661011412	https://www.qidian.com/chapter/1025901449/661011412/	2021-07-11 22:30:51	2036	vip
348	第348章 无头的门神	661063538	https://www.qidian.com/chapter/1025901449/661063538/	2021-07-12 11:45:01	2057	vip
349	第349章 我找到你的家人了	661097934	https://www.qidian.com/chapter/1025901449/661097934/	2021-07-12 18:00:00	2031	vip
350	第350章 初代管理者的遗物	661249403	https://www.qidian.com/chapter/1025901449/661249403/	2021-07-13 14:58:44	4071	vip
351	第351章 他的三个孩子	661476247	https://www.qidian.com/chapter/1025901449/661476247/	2021-07-14 21:08:11	2316	vip
352	第352章 拥挤的红色电梯	661734141	https://www.qidian.com/chapter/1025901449/661734141/	2021-07-15 21:55:40	2624	vip
353	第353章 死楼游戏崩溃后的警告	662196848	https://www.qidian.com/chapter/1025901449/662196848/	2021-07-16 21:59:17	2755	vip
354	第354章 用来招魂的歌声	662329524	https://www.qidian.com/chapter/1025901449/662329524/	2021-07-17 22:58:08	3511	vip
355	第355章 夜幕拉开（4000）	662410408	https://www.qidian.com/chapter/1025901449/662410408/	2021-07-18 19:15:21	4070	vip
356	第356章 终极彩蛋(4000)	662656804	https://www.qidian.com/chapter/1025901449/662656804/	2021-07-19 22:08:42	4130	vip
357	第357章 门神的刀	662895443	https://www.qidian.com/chapter/1025901449/662895443/	2021-07-20 19:18:46	2233	vip
358	第358章 E级主线任务回魂夜！	662957888	https://www.qidian.com/chapter/1025901449/662957888/	2021-07-20 23:56:59	2122	vip
	刚来电，我第一次在我们这里见到这么大的雨	663263826	https://www.qidian.com/chapter/1025901449/663263826/	2021-07-21 22:17:22	11	ext
359	第359章 被梦魇养大的孩子（第一更）	663556549	https://www.qidian.com/chapter/1025901449/663556549/	2021-07-22 18:09:55	2049	vip
360	第360章 将死未死的韩非（第二更）	663559574	https://www.qidian.com/chapter/1025901449/663559574/	2021-07-22 20:06:00	2040	vip
361	第361章 纸人借道（第三更）	663631761	https://www.qidian.com/chapter/1025901449/663631761/	2021-07-22 23:30:03	2040	vip
362	第362章 治愈系玩家	663936206	https://www.qidian.com/chapter/1025901449/663936206/	2021-07-23 21:36:12	2478	vip
363	第363章 往生，今生，来生	664004955	https://www.qidian.com/chapter/1025901449/664004955/	2021-07-24 12:22:04	2124	vip
364	第364章 回来的不是你爸爸	664035445	https://www.qidian.com/chapter/1025901449/664035445/	2021-07-24 18:06:13	2122	vip
365	第365章 灭！	664169718	https://www.qidian.com/chapter/1025901449/664169718/	2021-07-25 22:53:42	2946	vip
366	第366章 找回童年的魂（4000）	664297773	https://www.qidian.com/chapter/1025901449/664297773/	2021-07-26 21:56:58	4227	vip
367	第367章 4094房的喜剧演员	664495931	https://www.qidian.com/chapter/1025901449/664495931/	2021-07-27 22:55:53	3237	vip
368	第368章 萤火和夜空	664636658	https://www.qidian.com/chapter/1025901449/664636658/	2021-07-28 22:18:33	2355	vip
369	第369章 微笑的灵魂	664804586	https://www.qidian.com/chapter/1025901449/664804586/	2021-07-29 23:08:07	2090	vip
370	第370章 死楼业主维权互助群	664983872	https://www.qidian.com/chapter/1025901449/664983872/	2021-07-30 22:01:12	3726	vip
371	第371章 我坏起来自己都害怕的	665209448	https://www.qidian.com/chapter/1025901449/665209448/	2021-07-31 23:06:36	3297	vip
372	第372章 他还能把楼毁了不成？	665257165	https://www.qidian.com/chapter/1025901449/665257165/	2021-08-01 12:32:00	2205	vip
373	第373章 不会有逝的	665320318	https://www.qidian.com/chapter/1025901449/665320318/	2021-08-01 23:17:47	2061	vip
374	第374章 你怎么变成这样了！（4000）	665490482	https://www.qidian.com/chapter/1025901449/665490482/	2021-08-02 22:40:35	4078	vip
375	第375章 我既是死咒	665632677	https://www.qidian.com/chapter/1025901449/665632677/	2021-08-03 12:56:33	2205	vip
376	第376章 我们来了	665763730	https://www.qidian.com/chapter/1025901449/665763730/	2021-08-03 22:35:57	2206	vip
377	第377章 没有恶之魂不敢杀的	666006014	https://www.qidian.com/chapter/1025901449/666006014/	2021-08-04 20:46:37	2106	vip
378	第378章 4044房间里的声音	666036140	https://www.qidian.com/chapter/1025901449/666036140/	2021-08-04 23:05:56	2060	vip
379	第379章 阴间邂逅（4000）	666333711	https://www.qidian.com/chapter/1025901449/666333711/	2021-08-05 22:41:36	4055	vip
380	第380章 噩梦深处的4444房间	666595391	https://www.qidian.com/chapter/1025901449/666595391/	2021-08-06 19:05:29	2141	vip
	《我有一座冒险屋》第10~12卷实体书开启预售了~	666596543	https://www.qidian.com/chapter/1025901449/666596543/	2021-08-06 19:09:18	179	ext
381	第381章 地下四层的男孩	666659219	https://www.qidian.com/chapter/1025901449/666659219/	2021-08-06 23:19:58	2252	vip
382	第382章 蝴蝶的罪	666862424	https://www.qidian.com/chapter/1025901449/666862424/	2021-08-07 18:56:32	2257	vip
383	第383章 狂笑韩非（5000）	667043152	https://www.qidian.com/chapter/1025901449/667043152/	2021-08-08 20:52:14	5080	vip
384	第384章 噩梦之心（4000）	667207852	https://www.qidian.com/chapter/1025901449/667207852/	2021-08-09 21:48:51	4017	vip
385	第385章 回魂开始！（4000）	667447186	https://www.qidian.com/chapter/1025901449/667447186/	2021-08-10 21:09:36	4242	vip
386	第386章 死楼管理者（4000）	667619326	https://www.qidian.com/chapter/1025901449/667619326/	2021-08-11 21:27:46	4059	vip
387	第387章 谁是谁的底牌	667863108	https://www.qidian.com/chapter/1025901449/667863108/	2021-08-12 21:28:18	2073	vip
388	第388章 蝴蝶必须死！（4000）	668229664	https://www.qidian.com/chapter/1025901449/668229664/	2021-08-13 22:49:41	4400	vip
389	第389章 落入蛛网的蝴蝶	668355279	https://www.qidian.com/chapter/1025901449/668355279/	2021-08-14 23:18:38	3490	vip
390	第390章 你的噩梦，由我亲手来实现！	668486569	https://www.qidian.com/chapter/1025901449/668486569/	2021-08-15 22:27:56	3547	vip
391	第391章 韩非和他的灵魂们	668750494	https://www.qidian.com/chapter/1025901449/668750494/	2021-08-16 23:04:35	3628	vip
392	第392章 连升两级	668979669	https://www.qidian.com/chapter/1025901449/668979669/	2021-08-17 23:20:26	4627	vip
393	第393章 新的死楼管理者	669158757	https://www.qidian.com/chapter/1025901449/669158757/	2021-08-18 22:42:09	3221	vip
394	第394章 头号玩家黄赢	669327670	https://www.qidian.com/chapter/1025901449/669327670/	2021-08-19 22:23:34	3136	vip
395	第395章 差点忘了我是个喜剧演员了	669544098	https://www.qidian.com/chapter/1025901449/669544098/	2021-08-20 21:19:30	3523	vip
396	第396章 高玩在阳间，陪玩在阴间	669785718	https://www.qidian.com/chapter/1025901449/669785718/	2021-08-21 19:14:42	4672	vip
397	第397章 全球公测	669960558	https://www.qidian.com/chapter/1025901449/669960558/	2021-08-22 14:41:03	4113	vip
398	第398章 梦魇医生黄赢	670223959	https://www.qidian.com/chapter/1025901449/670223959/	2021-08-23 21:27:12	2288	vip
399	第399章 这就是完美人生吗？	670458758	https://www.qidian.com/chapter/1025901449/670458758/	2021-08-24 20:51:44	2472	vip
400	第400章 阴间人力资源主管	670678095	https://www.qidian.com/chapter/1025901449/670678095/	2021-08-25 19:49:58	4019	vip
401	第401章 请慎重考虑！	670858972	https://www.qidian.com/chapter/1025901449/670858972/	2021-08-26 22:11:56	2889	vip
402	第402章 声望？还是阴德？	671064461	https://www.qidian.com/chapter/1025901449/671064461/	2021-08-27 21:43:30	3286	vip
403	第403章 这个时代将以我为名	671141347	https://www.qidian.com/chapter/1025901449/671141347/	2021-08-28 16:25:26	3667	vip
404	第404章 管理者韩非	671278025	https://www.qidian.com/chapter/1025901449/671278025/	2021-08-29 21:59:32	4093	vip
405	第405章 韩非的格局	671429426	https://www.qidian.com/chapter/1025901449/671429426/	2021-08-30 22:24:11	4457	vip
406	第406章 一起去点亮黑夜！	671613126	https://www.qidian.com/chapter/1025901449/671613126/	2021-08-31 22:27:35	4131	vip
407	第407章 优秀青年演员提名	671764583	https://www.qidian.com/chapter/1025901449/671764583/	2021-09-01 21:49:39	4269	vip
408	第408章 消失的整形医院	672003288	https://www.qidian.com/chapter/1025901449/672003288/	2021-09-02 22:56:54	4456	vip
409	第409章 多重混合诅咒——血债！	672234216	https://www.qidian.com/chapter/1025901449/672234216/	2021-09-03 23:23:17	4020	vip
410	第410章 我们为你发声	672466758	https://www.qidian.com/chapter/1025901449/672466758/	2021-09-04 19:19:27	4605	vip
411	第411章 这世界没那么糟糕	672667059	https://www.qidian.com/chapter/1025901449/672667059/	2021-09-05 22:44:51	4025	vip
412	第412章 完整的血色纸人	672801379	https://www.qidian.com/chapter/1025901449/672801379/	2021-09-06 17:43:11	4164	vip
413	第413章 欢迎来到完美人生	673042980	https://www.qidian.com/chapter/1025901449/673042980/	2021-09-07 22:54:18	4048	vip
414	第414章 零点的自拍	673277500	https://www.qidian.com/chapter/1025901449/673277500/	2021-09-08 22:46:12	2810	vip
415	第415章 《物是人非》	673562592	https://www.qidian.com/chapter/1025901449/673562592/	2021-09-09 22:14:07	4094	vip
416	第416章 白鞋子	673730630	https://www.qidian.com/chapter/1025901449/673730630/	2021-09-10 22:50:52	4026	vip
417	第417章 你偷了谁的脸	673828684	https://www.qidian.com/chapter/1025901449/673828684/	2021-09-11 23:06:13	4085	vip
418	第418章 你不害怕吗？	673921986	https://www.qidian.com/chapter/1025901449/673921986/	2021-09-12 23:09:03	4220	vip
419	第419章 三十秒的监控视频	674178481	https://www.qidian.com/chapter/1025901449/674178481/	2021-09-13 22:26:16	4140	vip
420	第420章 只有一个孩子的幸福孤儿院	674365992	https://www.qidian.com/chapter/1025901449/674365992/	2021-09-14 22:10:55	2645	vip
421	第421章 完美人格	674566882	https://www.qidian.com/chapter/1025901449/674566882/	2021-09-15 19:36:37	3468	vip
422	第422章 满足神龛升级条件	674718745	https://www.qidian.com/chapter/1025901449/674718745/	2021-09-16 17:23:10	2634	vip
	还在路上，今天应该写不完了，请一天假，抱歉	674902812	https://www.qidian.com/chapter/1025901449/674902812/	2021-09-17 19:47:02	106	ext
423	第423章 不可言说级别的能力	675146673	https://www.qidian.com/chapter/1025901449/675146673/	2021-09-18 21:00:49	4052	vip
424	第424章 最美的嫁衣	675275299	https://www.qidian.com/chapter/1025901449/675275299/	2021-09-19 22:21:12	2858	vip
425	第425章 他将掀起一场大灾	675364978	https://www.qidian.com/chapter/1025901449/675364978/	2021-09-20 21:26:06	4055	vip
426	第426章 第二次选择（中秋快乐）	675463705	https://www.qidian.com/chapter/1025901449/675463705/	2021-09-21 22:39:41	4034	vip
427	第427章 六位猝死者	675581922	https://www.qidian.com/chapter/1025901449/675581922/	2021-09-22 22:04:09	4069	vip
428	第428章 午夜商场	675694505	https://www.qidian.com/chapter/1025901449/675694505/	2021-09-23 19:54:01	4453	vip
429	第429章 存活三十天	675779748	https://www.qidian.com/chapter/1025901449/675779748/	2021-09-24 18:00:00	4019	vip
430	第430章 入职第一晚	676002709	https://www.qidian.com/chapter/1025901449/676002709/	2021-09-25 20:02:39	2636	vip
431	第431章 玩具	676220805	https://www.qidian.com/chapter/1025901449/676220805/	2021-09-26 21:00:28	3038	vip
432	第432章 这家店谁值夜班谁死	676396104	https://www.qidian.com/chapter/1025901449/676396104/	2021-09-27 22:59:03	3060	vip
433	第433章 回家	676511708	https://www.qidian.com/chapter/1025901449/676511708/	2021-09-28 21:51:42	3337	vip
434	第434章 夜路	676621871	https://www.qidian.com/chapter/1025901449/676621871/	2021-09-29 22:16:57	3479	vip
435	第435章 绝望才刚开始吗（5000）	676819147	https://www.qidian.com/chapter/1025901449/676819147/	2021-09-30 22:30:37	5257	vip
436	第436章 十指（6000）	676895630	https://www.qidian.com/chapter/1025901449/676895630/	2021-10-01 21:06:33	6011	vip
437	第437章 十三号房间	677008618	https://www.qidian.com/chapter/1025901449/677008618/	2021-10-02 22:57:56	4151	vip
438	第438章 库房深处的声音	677096058	https://www.qidian.com/chapter/1025901449/677096058/	2021-10-03 21:52:36	4289	vip
439	第439章 十七级	677178473	https://www.qidian.com/chapter/1025901449/677178473/	2021-10-04 20:12:45	4036	vip
440	第440章 试衣间的女人	677291567	https://www.qidian.com/chapter/1025901449/677291567/	2021-10-05 23:11:14	4140	vip
441	第441章 一千件好事	677374374	https://www.qidian.com/chapter/1025901449/677374374/	2021-10-06 22:15:43	4294	vip
442	第442章 五分之一的遗憾	677466132	https://www.qidian.com/chapter/1025901449/677466132/	2021-10-07 22:44:47	4035	vip
443	第443章 命运的转折点	677650265	https://www.qidian.com/chapter/1025901449/677650265/	2021-10-08 22:53:35	4084	vip
444	第444章 困兽（感谢没事看看书可还行的白银盟）	677741178	https://www.qidian.com/chapter/1025901449/677741178/	2021-10-09 17:44:21	4253	vip
445	第445章 把他推下深渊的那只手	677774584	https://www.qidian.com/chapter/1025901449/677774584/	2021-10-09 22:30:24	3922	vip
446	第446章 开始异化的世界	677878566	https://www.qidian.com/chapter/1025901449/677878566/	2021-10-10 22:52:54	4771	vip
447	第447章 我	678013896	https://www.qidian.com/chapter/1025901449/678013896/	2021-10-11 22:05:28	3290	vip
448	第448章 女朋友也是他幻想出来的吗？	678369505	https://www.qidian.com/chapter/1025901449/678369505/	2021-10-12 22:57:55	4061	vip
449	第449章 错过的选择	678494196	https://www.qidian.com/chapter/1025901449/678494196/	2021-10-13 22:48:53	2083	vip
450	第450章 你看，他不见了！	678632262	https://www.qidian.com/chapter/1025901449/678632262/	2021-10-14 18:48:06	2209	vip
451	第451章 我和我的同事们	678679314	https://www.qidian.com/chapter/1025901449/678679314/	2021-10-14 22:36:13	2176	vip
452	第452章 殊途同归，条条大路通地府	678842668	https://www.qidian.com/chapter/1025901449/678842668/	2021-10-15 22:30:01	3934	vip
453	第453章 等价交易，用灵魂做筹码	678951716	https://www.qidian.com/chapter/1025901449/678951716/	2021-10-16 22:46:39	3446	vip
454	第454章 深夜的白米饭	679043789	https://www.qidian.com/chapter/1025901449/679043789/	2021-10-17 22:55:24	2686	vip
455	第455章 我可以给自己换个老板	679206867	https://www.qidian.com/chapter/1025901449/679206867/	2021-10-18 23:26:45	2849	vip
456	第456章 十指已断其三	679500567	https://www.qidian.com/chapter/1025901449/679500567/	2021-10-19 21:49:53	3478	vip
457	第457章 疯狂的推测	679843628	https://www.qidian.com/chapter/1025901449/679843628/	2021-10-20 22:29:29	3625	vip
458	第458章 真相本身就长着一张嘴	680037992	https://www.qidian.com/chapter/1025901449/680037992/	2021-10-21 21:41:11	4050	vip
459	第459章 它们都是好心“人”	680261436	https://www.qidian.com/chapter/1025901449/680261436/	2021-10-22 22:28:55	3270	vip
460	第460章 鲜肉粽子	680485194	https://www.qidian.com/chapter/1025901449/680485194/	2021-10-23 22:24:16	2890	vip
461	第461章 阴债	680578232	https://www.qidian.com/chapter/1025901449/680578232/	2021-10-24 21:09:28	3534	vip
462	第462章 坏人可以活到最后？	680725969	https://www.qidian.com/chapter/1025901449/680725969/	2021-10-25 21:41:27	3627	vip
463	第463章 唯一成为神龛主人的方法	680942274	https://www.qidian.com/chapter/1025901449/680942274/	2021-10-26 23:06:32	2334	vip
464	第464章 他们是你的祭品	681075157	https://www.qidian.com/chapter/1025901449/681075157/	2021-10-27 19:37:13	4091	vip
465	第465章 深井当中藏着谁的尸体	681273055	https://www.qidian.com/chapter/1025901449/681273055/	2021-10-28 22:34:45	3948	vip
466	第466章 你给我下来吧！（5000）	681421796	https://www.qidian.com/chapter/1025901449/681421796/	2021-10-29 21:14:21	5025	vip
467	第467章 十八级（5000）	681511200	https://www.qidian.com/chapter/1025901449/681511200/	2021-10-30 18:03:36	5045	vip
468	第468章 一般人无法驾驭的隐藏职业（6000）	681616929	https://www.qidian.com/chapter/1025901449/681616929/	2021-10-31 20:30:37	6032	vip
	下个月不咸鱼了，挣榜冲五万均订！	681617063	https://www.qidian.com/chapter/1025901449/681617063/	2021-10-31 20:35:09	190	ext
469	第469章 是韩非，不是悍匪啊（5200求月票）	681640530	https://www.qidian.com/chapter/1025901449/681640530/	2021-11-01 00:01:20	5223	vip
470	第470章 原来他就是真相（4000求月票）	681678968	https://www.qidian.com/chapter/1025901449/681678968/	2021-11-01 11:42:38	4030	vip
471	第471章 无声的罪证（4000求月票）	681746970	https://www.qidian.com/chapter/1025901449/681746970/	2021-11-01 18:42:38	4024	vip
472	第472章 三句话，干跨一个商场（三更求月票）	681808154	https://www.qidian.com/chapter/1025901449/681808154/	2021-11-01 23:16:44	3013	vip
473	第473章 最后一个祭品（5000求月票）	681874572	https://www.qidian.com/chapter/1025901449/681874572/	2021-11-02 13:06:30	5130	vip
474	第474章 无限怪诞的城市（5000求月票）	681940187	https://www.qidian.com/chapter/1025901449/681940187/	2021-11-02 22:04:45	5064	vip
475	第475章 恶人自有恶人磨（4000求月票）	682014316	https://www.qidian.com/chapter/1025901449/682014316/	2021-11-03 13:16:22	4101	vip
476	第476章 你来帮我报仇？（4000求月票）	682065220	https://www.qidian.com/chapter/1025901449/682065220/	2021-11-03 20:54:33	4012	vip
477	第477章 良知说话，真相开口（三更求月票）	682086878	https://www.qidian.com/chapter/1025901449/682086878/	2021-11-03 23:45:20	2038	vip
478	第478章 火把倒下，火焰依然向上！(5000求月票）	682152253	https://www.qidian.com/chapter/1025901449/682152253/	2021-11-04 15:46:38	5049	vip
479	第479章 远超预期的任务奖励！（5000求月票）	682217660	https://www.qidian.com/chapter/1025901449/682217660/	2021-11-04 22:48:20	5114	vip
480	第480章 接管百货商场（4000求月票）	682291880	https://www.qidian.com/chapter/1025901449/682291880/	2021-11-05 13:20:42	4141	vip
481	第481章 那些玩家刚来的时候都很兴奋（4000求月票）	682358390	https://www.qidian.com/chapter/1025901449/682358390/	2021-11-05 19:33:53	4104	vip
482	第482章 和王平安的又一次重逢（第三更求月票）	682387338	https://www.qidian.com/chapter/1025901449/682387338/	2021-11-05 23:09:36	2408	vip
483	第483章 韩非的第三部电影（4000求月票）	682425761	https://www.qidian.com/chapter/1025901449/682425761/	2021-11-06 12:59:36	4058	vip
484	第484章 我十级时都已经是楼长了（4000求月票）	682463314	https://www.qidian.com/chapter/1025901449/682463314/	2021-11-06 19:48:37	4108	vip
485	第485章 BOSS韩非（三更求月票）	682486765	https://www.qidian.com/chapter/1025901449/682486765/	2021-11-06 23:14:38	2076	vip
486	第486章 深层世界的客房服务（4000求月票）	682545039	https://www.qidian.com/chapter/1025901449/682545039/	2021-11-07 15:39:04	4023	vip
487	第487章 幸运值为零的玩家（求月票）	682563157	https://www.qidian.com/chapter/1025901449/682563157/	2021-11-07 19:05:30	2136	vip
488	第488章 五“虎”上将（4000求月票）	682592367	https://www.qidian.com/chapter/1025901449/682592367/	2021-11-07 23:15:44	4076	vip
489	第489章 我是纯体力加点（4000求月票）	682636846	https://www.qidian.com/chapter/1025901449/682636846/	2021-11-08 13:46:13	4042	vip
490	第490章 治愈系艺术展（6000求月票）	682725937	https://www.qidian.com/chapter/1025901449/682725937/	2021-11-08 22:45:36	6144	vip
491	第491章 这就是你的小猫咪？！(4000求月票）	682828056	https://www.qidian.com/chapter/1025901449/682828056/	2021-11-09 15:27:16	4065	vip
492	第492章 通关！（6000求月票）	682887136	https://www.qidian.com/chapter/1025901449/682887136/	2021-11-09 23:24:38	6080	vip
493	第493章 被天使捶过的嗓子（5200求月票）	682934686	https://www.qidian.com/chapter/1025901449/682934686/	2021-11-10 13:56:42	5255	vip
494	第494章 编号031（5200求月票）	683001559	https://www.qidian.com/chapter/1025901449/683001559/	2021-11-10 23:29:18	5288	vip
495	第495章 高楼之上（4000求月票）	683050797	https://www.qidian.com/chapter/1025901449/683050797/	2021-11-11 14:01:41	4228	vip
496	第496章 他的歌声（求月票）	683100869	https://www.qidian.com/chapter/1025901449/683100869/	2021-11-11 19:15:41	2632	vip
497	第497章 与魔鬼同行的猫（三更求月票）	683124477	https://www.qidian.com/chapter/1025901449/683124477/	2021-11-11 23:15:20	3317	vip
498	第498章 《整容》剧本（4000求月票）	683216012	https://www.qidian.com/chapter/1025901449/683216012/	2021-11-12 15:56:47	4103	vip
499	第499章 镜子诊所（6000求月票）	683296498	https://www.qidian.com/chapter/1025901449/683296498/	2021-11-12 22:24:09	6034	vip
500	第500章 你是谁（4000求月票）	683351648	https://www.qidian.com/chapter/1025901449/683351648/	2021-11-13 15:51:56	4022	vip
501	第501章 是我真的不好笑吗？（求月票）	683370909	https://www.qidian.com/chapter/1025901449/683370909/	2021-11-13 19:59:16	3062	vip
502	第502章 玩家和NPC都害怕的人（第三更求月票）	683395254	https://www.qidian.com/chapter/1025901449/683395254/	2021-11-13 23:45:39	3206	vip
503	第503章 狂野将使它们感到畏惧（4000求月票）	683436798	https://www.qidian.com/chapter/1025901449/683436798/	2021-11-14 14:12:32	4109	vip
504	第504章 我为她制作的笑脸（6000求月票）	683483045	https://www.qidian.com/chapter/1025901449/683483045/	2021-11-14 23:12:24	6053	vip
505	第505章 微笑和狂笑（4000求月票）	683557084	https://www.qidian.com/chapter/1025901449/683557084/	2021-11-15 14:05:59	4286	vip
506	第506章 新来的业主是大型怨念（4000求月票）	683629150	https://www.qidian.com/chapter/1025901449/683629150/	2021-11-15 20:22:27	4097	vip
507	第507章 《悬疑小说家》上映！（三更求月票）	683649964	https://www.qidian.com/chapter/1025901449/683649964/	2021-11-15 23:43:21	2213	vip
508	第508章 谁才是演技最好的青年演员（5000求月票）	683714469	https://www.qidian.com/chapter/1025901449/683714469/	2021-11-16 17:23:24	5113	vip
509	第509章 恐怖的演技碾压（5000求月票）	683772049	https://www.qidian.com/chapter/1025901449/683772049/	2021-11-16 23:17:10	5029	vip
510	第510章 红色、白色和彩色（4000求月票）	683851988	https://www.qidian.com/chapter/1025901449/683851988/	2021-11-17 16:27:27	4144	vip
511	第511章 最佳男配角（6000求月票）	683925725	https://www.qidian.com/chapter/1025901449/683925725/	2021-11-17 23:14:00	6429	vip
512	第512章 实至名归	684012089	https://www.qidian.com/chapter/1025901449/684012089/	2021-11-18 16:01:21	2034	vip
513	第513章 她今晚会来找我（4000求月票）	684070303	https://www.qidian.com/chapter/1025901449/684070303/	2021-11-18 19:36:54	4068	vip
514	第514章 三十个孩子（4000求月票）	684106498	https://www.qidian.com/chapter/1025901449/684106498/	2021-11-18 23:55:18	4071	vip
515	第515章 白哥，下来玩啊！（4000求月票）	684239157	https://www.qidian.com/chapter/1025901449/684239157/	2021-11-19 16:36:00	4046	vip
516	第516章 没有演技，全是感情（6000求月票）	684295647	https://www.qidian.com/chapter/1025901449/684295647/	2021-11-19 23:03:57	6009	vip
517	第517章 把妈妈藏起来（4000求月票）	684463717	https://www.qidian.com/chapter/1025901449/684463717/	2021-11-20 17:24:45	4015	vip
518	第518章 老狼老狼几点了（6000求月票）	684498156	https://www.qidian.com/chapter/1025901449/684498156/	2021-11-20 23:09:19	6059	vip
519	第519章 被唤醒的记忆（4000求月票）	684558742	https://www.qidian.com/chapter/1025901449/684558742/	2021-11-21 13:18:00	4086	vip
520	第520章 初始脑力加一（6000求月票）	684614350	https://www.qidian.com/chapter/1025901449/684614350/	2021-11-21 23:15:37	6106	vip
521	第521章 一片漆黑的白色孤儿院（4000求月票）	684732984	https://www.qidian.com/chapter/1025901449/684732984/	2021-11-22 18:22:29	4070	vip
522	第522章 我来帮你把世界染红（6000求月票）	684775010	https://www.qidian.com/chapter/1025901449/684775010/	2021-11-22 23:38:30	6151	vip
523	第523章 重现血色夜（6000求月票）	684931010	https://www.qidian.com/chapter/1025901449/684931010/	2021-11-23 20:27:26	6483	vip
524	第524章 人的极限（4000求月票）	684954517	https://www.qidian.com/chapter/1025901449/684954517/	2021-11-23 23:49:04	4021	vip
525	第525章 韩非的第一位恨意邻居（4000求月票）	685071083	https://www.qidian.com/chapter/1025901449/685071083/	2021-11-24 16:39:05	4060	vip
526	第526章 第二位可以拯救世界的队友（6000求月票）	685135633	https://www.qidian.com/chapter/1025901449/685135633/	2021-11-24 23:10:16	6048	vip
527	第527章 黄赢，白显，金俊（5000求月票）	685249825	https://www.qidian.com/chapter/1025901449/685249825/	2021-11-25 17:13:37	5242	vip
528	第528章 心肺骤停！（5000求月票）	685296126	https://www.qidian.com/chapter/1025901449/685296126/	2021-11-25 23:15:19	5150	vip
529	第529章 天将降大任于斯人也（4000求月票）	685415076	https://www.qidian.com/chapter/1025901449/685415076/	2021-11-26 14:17:52	4031	vip
530	第530章 第一公会幸福小区	685485538	https://www.qidian.com/chapter/1025901449/685485538/	2021-11-26 17:44:35	3022	vip
531	第531章 受害者均相貌出众（三更求月票）	685529690	https://www.qidian.com/chapter/1025901449/685529690/	2021-11-26 22:39:58	3023	vip
532	第532章 开门，我来送惊喜了（4000求月票）	685613650	https://www.qidian.com/chapter/1025901449/685613650/	2021-11-27 13:06:34	4079	vip
533	第533章 E级任务完美人格（6000求月票）	685660208	https://www.qidian.com/chapter/1025901449/685660208/	2021-11-27 22:05:46	6026	vip
534	第534章 我来制作恐怖恋爱游戏（4000求月票）	685709004	https://www.qidian.com/chapter/1025901449/685709004/	2021-11-28 12:51:34	4084	vip
535	第535章 傅生和他的父亲（6000求月票）	685756291	https://www.qidian.com/chapter/1025901449/685756291/	2021-11-28 22:48:53	6044	vip
536	第536章 她们怎么都想杀我？（5000求月票）	685811273	https://www.qidian.com/chapter/1025901449/685811273/	2021-11-29 13:23:38	5057	vip
537	第537章 不死不休的恋爱（5200求月票）	685957531	https://www.qidian.com/chapter/1025901449/685957531/	2021-11-29 22:27:16	5260	vip
538	第538章 老师，我儿子还有救吗？（4000求月票）	686086939	https://www.qidian.com/chapter/1025901449/686086939/	2021-11-30 13:21:21	4073	vip
539	第539章 三个？你瞧不起谁呢？（6000求月票）	686230762	https://www.qidian.com/chapter/1025901449/686230762/	2021-11-30 22:07:58	6402	vip
	每天一万字达成！	686244353	https://www.qidian.com/chapter/1025901449/686244353/	2021-11-30 22:50:47	354	ext
540	第540章 根据真实经历改编	686308496	https://www.qidian.com/chapter/1025901449/686308496/	2021-12-01 12:26:15	3279	vip
541	第541章 解决傅生的学校问题（5000）	686421110	https://www.qidian.com/chapter/1025901449/686421110/	2021-12-01 21:18:52	5028	vip
542	第542章 第一个神龛随机任务（4000）	686496079	https://www.qidian.com/chapter/1025901449/686496079/	2021-12-02 10:46:15	4047	vip
543	第543章 量身定做的隐藏职业？（5000）	686840681	https://www.qidian.com/chapter/1025901449/686840681/	2021-12-03 16:24:37	5120	vip
544	第544章 爱情是一把电锯（4000）	686931927	https://www.qidian.com/chapter/1025901449/686931927/	2021-12-04 02:03:00	4428	vip
	停几天，抱歉	687037341	https://www.qidian.com/chapter/1025901449/687037341/	2021-12-05 02:03:48	103	ext
545	第545章 十等分的男主（回来了）	690289380	https://www.qidian.com/chapter/1025901449/690289380/	2021-12-25 13:59:07	4834	vip
546	第546章 愿意带沈洛玩的都是好兄弟	690334219	https://www.qidian.com/chapter/1025901449/690334219/	2021-12-25 22:49:13	4024	vip
547	第547章 他有特殊的依仗	690381388	https://www.qidian.com/chapter/1025901449/690381388/	2021-12-26 14:19:58	4206	vip
548	第548章 傅生的第一步	690423284	https://www.qidian.com/chapter/1025901449/690423284/	2021-12-26 22:35:20	4252	vip
549	第549章 一切都在慢慢变好？	690501217	https://www.qidian.com/chapter/1025901449/690501217/	2021-12-27 14:14:09	4015	vip
550	第550章 最后一款游戏	690597314	https://www.qidian.com/chapter/1025901449/690597314/	2021-12-27 23:11:54	3903	vip
551	第551章 各怀鬼胎	690820694	https://www.qidian.com/chapter/1025901449/690820694/	2021-12-28 18:49:27	4024	vip
552	第552章 韩非的主题曲	690937677	https://www.qidian.com/chapter/1025901449/690937677/	2021-12-29 12:27:33	4216	vip
553	第553章 魅力负十四的男人	690970711	https://www.qidian.com/chapter/1025901449/690970711/	2021-12-29 19:28:00	3484	vip
554	第554章 我曾被她杀死过好几次	691083952	https://www.qidian.com/chapter/1025901449/691083952/	2021-12-30 12:56:11	4056	vip
555	第555章 最温馨的时刻	691193447	https://www.qidian.com/chapter/1025901449/691193447/	2021-12-30 21:41:23	4067	vip
556	第556章 绑“匪”	691349773	https://www.qidian.com/chapter/1025901449/691349773/	2021-12-31 13:32:21	4332	vip
557	第557章 我有特殊的升级技巧	691488394	https://www.qidian.com/chapter/1025901449/691488394/	2021-12-31 22:59:19	4078	vip
	新年新开始！	691489405	https://www.qidian.com/chapter/1025901449/691489405/	2021-12-31 23:46:44	328	ext
558	第558章 二十级！	691604690	https://www.qidian.com/chapter/1025901449/691604690/	2022-01-01 12:41:28	3474	vip
559	第559章 韩非和傅义的最大区别	691707513	https://www.qidian.com/chapter/1025901449/691707513/	2022-01-01 22:17:50	4095	vip
560	第560章 改变命运的选择	691834481	https://www.qidian.com/chapter/1025901449/691834481/	2022-01-02 14:05:51	3831	vip
561	第561章 人生中最糟糕的一天？	691898990	https://www.qidian.com/chapter/1025901449/691898990/	2022-01-02 20:33:58	2738	vip
562	第562章 我还是想要做他的榜样	692076669	https://www.qidian.com/chapter/1025901449/692076669/	2022-01-03 17:27:30	3470	vip
563	第563章 其实有一件事	692140053	https://www.qidian.com/chapter/1025901449/692140053/	2022-01-03 23:31:52	3434	vip
564	第564章 父子	692261387	https://www.qidian.com/chapter/1025901449/692261387/	2022-01-04 12:28:31	3037	vip
565	第565章 坦白一切	692388720	https://www.qidian.com/chapter/1025901449/692388720/	2022-01-04 18:58:08	3114	vip
566	第566章 最特殊的神龛称号	692523470	https://www.qidian.com/chapter/1025901449/692523470/	2022-01-04 23:40:34	3277	vip
567	第567章 蔷薇发送来的信息	692744879	https://www.qidian.com/chapter/1025901449/692744879/	2022-01-05 13:32:20	3482	vip
568	第568章 那是什么东西？	692991895	https://www.qidian.com/chapter/1025901449/692991895/	2022-01-05 21:38:27	3438	vip
569	第569章 亲妈来了	693638937	https://www.qidian.com/chapter/1025901449/693638937/	2022-01-06 18:56:16	4212	vip
570	第570章 新的护工叫做傅义	693789179	https://www.qidian.com/chapter/1025901449/693789179/	2022-01-06 23:45:15	3287	vip
571	第571章 这未来已经改变	694112568	https://www.qidian.com/chapter/1025901449/694112568/	2022-01-07 19:18:01	4336	vip
572	第572章 美神的餐桌	694204312	https://www.qidian.com/chapter/1025901449/694204312/	2022-01-08 14:51:45	5073	vip
573	第573章 两项隐藏成就	694255934	https://www.qidian.com/chapter/1025901449/694255934/	2022-01-08 23:18:06	2691	vip
574	第574章 我不敢接前妻的电话	694318445	https://www.qidian.com/chapter/1025901449/694318445/	2022-01-09 18:43:41	4035	vip
575	第575章 安心睡觉！	694342914	https://www.qidian.com/chapter/1025901449/694342914/	2022-01-09 22:37:30	2811	vip
576	第576章 死里逃生	694412263	https://www.qidian.com/chapter/1025901449/694412263/	2022-01-10 14:03:47	3120	vip
577	第577章 试用期的第二天	694559043	https://www.qidian.com/chapter/1025901449/694559043/	2022-01-10 22:24:36	3214	vip
578	第578章 齐聚整形医院	694754554	https://www.qidian.com/chapter/1025901449/694754554/	2022-01-11 16:48:11	3515	vip
579	第579章 我想要做一只被你碾死的虫	694800119	https://www.qidian.com/chapter/1025901449/694800119/	2022-01-11 22:15:18	2819	vip
580	第580章 我翻开他的简历一看	694926247	https://www.qidian.com/chapter/1025901449/694926247/	2022-01-12 18:01:11	4021	vip
581	第581章 谁躲在她的床下？	694993886	https://www.qidian.com/chapter/1025901449/694993886/	2022-01-12 23:19:45	2847	vip
582	第582章 暴风雨来临的前夜	695093464	https://www.qidian.com/chapter/1025901449/695093464/	2022-01-13 18:40:06	4092	vip
583	第583章 天眷的女孩	695125803	https://www.qidian.com/chapter/1025901449/695125803/	2022-01-13 23:40:27	3287	vip
584	第584章 难道这是个恐怖游戏？	695245323	https://www.qidian.com/chapter/1025901449/695245323/	2022-01-14 20:02:13	5606	vip
585	第585章 药	695337909	https://www.qidian.com/chapter/1025901449/695337909/	2022-01-15 19:26:30	4907	vip
586	第586章 秘密潜入	695418817	https://www.qidian.com/chapter/1025901449/695418817/	2022-01-16 16:43:34	4067	vip
587	第587章 收服阿虫	695445935	https://www.qidian.com/chapter/1025901449/695445935/	2022-01-16 21:50:49	3463	vip
588	第588章 韩非的治疗方案	695599401	https://www.qidian.com/chapter/1025901449/695599401/	2022-01-17 19:07:53	4608	vip
589	第589章 仅有的一缕光亮	695662417	https://www.qidian.com/chapter/1025901449/695662417/	2022-01-17 23:45:09	2923	vip
590	第590章 七个科室，七种绝望	695918166	https://www.qidian.com/chapter/1025901449/695918166/	2022-01-18 21:11:09	4437	vip
591	第591章 躯体变形障碍	695993503	https://www.qidian.com/chapter/1025901449/695993503/	2022-01-19 12:57:28	3479	vip
592	第592章 顶尖玩家的格局	696132410	https://www.qidian.com/chapter/1025901449/696132410/	2022-01-19 22:43:46	3523	vip
593	第593章 最特殊的神龛	696350632	https://www.qidian.com/chapter/1025901449/696350632/	2022-01-20 23:23:48	4475	vip
594	第594章 你是我们最喜欢的玩具	696561738	https://www.qidian.com/chapter/1025901449/696561738/	2022-01-21 21:59:51	4489	vip
595	第595章 傅生的信任	696716469	https://www.qidian.com/chapter/1025901449/696716469/	2022-01-22 22:35:05	4422	vip
596	第596章 狂笑和傅义	696800732	https://www.qidian.com/chapter/1025901449/696800732/	2022-01-23 17:05:33	4308	vip
597	第597章 为什么妻子、前妻和女朋友们都想要杀你！	696847908	https://www.qidian.com/chapter/1025901449/696847908/	2022-01-23 23:44:29	3208	vip
598	第598章 美神的餐桌	696995158	https://www.qidian.com/chapter/1025901449/696995158/	2022-01-24 22:13:16	4277	vip
599	第599章 瑰夫	697164749	https://www.qidian.com/chapter/1025901449/697164749/	2022-01-25 21:53:27	4830	vip
600	第600章 他不是傅义！	697377597	https://www.qidian.com/chapter/1025901449/697377597/	2022-01-26 22:31:37	4478	vip
601	第601章 走吧，往前走，去更远的地方	697516281	https://www.qidian.com/chapter/1025901449/697516281/	2022-01-27 22:46:29	5847	vip
602	第602章 徐琴的餐桌	697626939	https://www.qidian.com/chapter/1025901449/697626939/	2022-01-28 22:39:46	4761	vip
603	第603章 我向神灵许愿！	697719353	https://www.qidian.com/chapter/1025901449/697719353/	2022-01-29 22:22:51	4853	vip
604	第604章 死楼区域的第二位恨意	697793538	https://www.qidian.com/chapter/1025901449/697793538/	2022-01-30 21:05:23	4035	vip
605	第605章 我可是专业的反派角色	697898468	https://www.qidian.com/chapter/1025901449/697898468/	2022-01-31 21:04:04	4529	vip
606	第606章 六个演员和一位屠夫（新年快乐）	697988131	https://www.qidian.com/chapter/1025901449/697988131/	2022-02-01 17:50:50	4101	vip
607	第607章 偶尔治愈一下别人（大吉大利）	698012620	https://www.qidian.com/chapter/1025901449/698012620/	2022-02-01 23:22:16	3568	vip
608	第608章 不会撒谎的电梯	698187771	https://www.qidian.com/chapter/1025901449/698187771/	2022-02-02 22:29:05	4216	vip
609	第609章 油画里的人出来了	698275860	https://www.qidian.com/chapter/1025901449/698275860/	2022-02-03 23:28:57	4052	vip
610	第610章 被孤立的韩非	698326151	https://www.qidian.com/chapter/1025901449/698326151/	2022-02-04 17:10:14	3717	vip
611	第611章 韩非的第一次直播	698355178	https://www.qidian.com/chapter/1025901449/698355178/	2022-02-04 23:01:14	4245	vip
612	第612章 他们抛弃了唯一的希望	698411160	https://www.qidian.com/chapter/1025901449/698411160/	2022-02-05 17:50:39	3621	vip
613	第613章 油漆工的过去	698511294	https://www.qidian.com/chapter/1025901449/698511294/	2022-02-06 21:08:51	4423	vip
614	第614章 真实的童年记忆？	698606023	https://www.qidian.com/chapter/1025901449/698606023/	2022-02-07 20:17:03	4129	vip
615	第615章 个人秀	698623407	https://www.qidian.com/chapter/1025901449/698623407/	2022-02-08 18:00:00	4217	vip
	改文，请一天假，十分抱歉	698850312	https://www.qidian.com/chapter/1025901449/698850312/	2022-02-09 21:25:53	336	ext
616	第616章 编号四	698936813	https://www.qidian.com/chapter/1025901449/698936813/	2022-02-10 13:17:34	3869	vip
617	第617章 节目做没了	699013766	https://www.qidian.com/chapter/1025901449/699013766/	2022-02-10 21:53:22	3852	vip
618	第618章 最美味的食物	699168950	https://www.qidian.com/chapter/1025901449/699168950/	2022-02-11 20:52:38	4424	vip
619	第619章 窗户里的怪物	699256298	https://www.qidian.com/chapter/1025901449/699256298/	2022-02-12 19:39:20	4222	vip
620	第620章 D级诅咒物	699366032	https://www.qidian.com/chapter/1025901449/699366032/	2022-02-13 22:16:14	4041	vip
621	第621章 消失的小丑	699530070	https://www.qidian.com/chapter/1025901449/699530070/	2022-02-14 18:43:43	4102	vip
622	第622章 那一天，他等到了那个人（元宵节快乐！）	699666186	https://www.qidian.com/chapter/1025901449/699666186/	2022-02-15 14:15:46	3241	vip
623	第623章 十万分之一的概率	699738487	https://www.qidian.com/chapter/1025901449/699738487/	2022-02-15 22:01:48	3498	vip
624	第624章 该来的总会到来	699897479	https://www.qidian.com/chapter/1025901449/699897479/	2022-02-16 23:25:42	4076	vip
625	第625章 隐藏地图乐园	700043941	https://www.qidian.com/chapter/1025901449/700043941/	2022-02-17 21:44:47	4038	vip
626	第626章 D级神龛继承任务——复生	700170541	https://www.qidian.com/chapter/1025901449/700170541/	2022-02-18 19:04:49	3049	vip
627	第627章 被害妄想症	700195759	https://www.qidian.com/chapter/1025901449/700195759/	2022-02-18 23:13:40	3034	vip
628	第628章 谁在房间里	700280187	https://www.qidian.com/chapter/1025901449/700280187/	2022-02-19 21:49:11	4019	vip
629	第629章 是你吗？	700379113	https://www.qidian.com/chapter/1025901449/700379113/	2022-02-20 22:27:48	5058	vip
630	第630章 99次	700503016	https://www.qidian.com/chapter/1025901449/700503016/	2022-02-21 21:13:58	4087	vip
631	第631章 这次，她是唯一的希望	700670833	https://www.qidian.com/chapter/1025901449/700670833/	2022-02-22 22:17:20	2643	vip
632	第632章 陌生的父母	700804207	https://www.qidian.com/chapter/1025901449/700804207/	2022-02-23 22:24:10	4243	vip
633	第633章 杀人魔和救赎者	700898015	https://www.qidian.com/chapter/1025901449/700898015/	2022-02-24 17:14:05	3803	vip
634	第634章 我真的自己都害怕自己啊	700937318	https://www.qidian.com/chapter/1025901449/700937318/	2022-02-24 22:55:04	3417	vip
635	第635章 肉	701048493	https://www.qidian.com/chapter/1025901449/701048493/	2022-02-25 21:30:23	3223	vip
636	第636章 帮手出现	701146271	https://www.qidian.com/chapter/1025901449/701146271/	2022-02-26 21:53:05	4212	vip
637	第637章 不能退出	701189937	https://www.qidian.com/chapter/1025901449/701189937/	2022-02-27 18:00:00	4074	vip
638	第638章 被弃养十一次的孩子	701372413	https://www.qidian.com/chapter/1025901449/701372413/	2022-02-28 22:32:34	2138	vip
639	第639章 韩非真正的家	701551067	https://www.qidian.com/chapter/1025901449/701551067/	2022-03-01 23:09:50	4208	vip
640	第640章 第一次捉诡	701733653	https://www.qidian.com/chapter/1025901449/701733653/	2022-03-02 22:57:12	3114	vip
641	第641章 幸福是个杀人不眨眼的怪物，但我还是想要靠近它	701850059	https://www.qidian.com/chapter/1025901449/701850059/	2022-03-03 18:17:48	4050	vip
642	第642章 刀	702065468	https://www.qidian.com/chapter/1025901449/702065468/	2022-03-04 22:01:26	4120	vip
643	第643章 F	702164753	https://www.qidian.com/chapter/1025901449/702164753/	2022-03-05 22:45:59	4076	vip
644	第644章 疯子眼中的世界	702263513	https://www.qidian.com/chapter/1025901449/702263513/	2022-03-06 22:51:34	2630	vip
645	第645章 小丑的提示	702463214	https://www.qidian.com/chapter/1025901449/702463214/	2022-03-07 20:58:24	2492	vip
646	第646章 幸福的心	702482552	https://www.qidian.com/chapter/1025901449/702482552/	2022-03-07 23:37:55	3681	vip
647	第647章 两位管理者的游戏	702590820	https://www.qidian.com/chapter/1025901449/702590820/	2022-03-08 22:03:44	4214	vip
648	第648章 编号零	702720139	https://www.qidian.com/chapter/1025901449/702720139/	2022-03-09 18:23:58	4019	vip
649	第649章 黑色头像	702883567	https://www.qidian.com/chapter/1025901449/702883567/	2022-03-10 19:08:34	4092	vip
650	第650章 我见过他回魂的样子	702955202	https://www.qidian.com/chapter/1025901449/702955202/	2022-03-10 23:18:53	3205	vip
651	第651章 抢夺祭品	703091017	https://www.qidian.com/chapter/1025901449/703091017/	2022-03-11 22:45:46	4061	vip
652	第652章 午夜出租车	703185312	https://www.qidian.com/chapter/1025901449/703185312/	2022-03-12 22:21:17	4060	vip
653	第653章 诡夜	703283658	https://www.qidian.com/chapter/1025901449/703283658/	2022-03-13 22:35:37	4114	vip
654	第654章 第三位	703444246	https://www.qidian.com/chapter/1025901449/703444246/	2022-03-14 23:42:29	2806	vip
655	第655章 本能！	703578536	https://www.qidian.com/chapter/1025901449/703578536/	2022-03-15 22:20:56	4059	vip
656	第656章 八臂阎罗	703988259	https://www.qidian.com/chapter/1025901449/703988259/	2022-03-17 20:45:01	3831	vip
657	第657章 凶宅	704005863	https://www.qidian.com/chapter/1025901449/704005863/	2022-03-17 23:11:35	2663	vip
658	第658章 招魂？还是征婚？	704215871	https://www.qidian.com/chapter/1025901449/704215871/	2022-03-18 22:46:26	2411	vip
659	第659章 这不是我想吃的肉	704377183	https://www.qidian.com/chapter/1025901449/704377183/	2022-03-19 20:13:33	4016	vip
660	第660章 偶尔放松一下	704488424	https://www.qidian.com/chapter/1025901449/704488424/	2022-03-20 21:46:50	4446	vip
661	第661章 家的温馨	704615159	https://www.qidian.com/chapter/1025901449/704615159/	2022-03-21 22:16:22	2610	vip
662	第662章 猛诡时间	704896247	https://www.qidian.com/chapter/1025901449/704896247/	2022-03-22 22:15:30	4108	vip
663	第663章 开启记忆的钥匙	705497530	https://www.qidian.com/chapter/1025901449/705497530/	2022-03-23 19:50:17	4313	vip
664	第664章 回到记忆开始的地方	705832233	https://www.qidian.com/chapter/1025901449/705832233/	2022-03-24 22:30:32	4005	vip
665	第665章 深层世界的秘密	706095096	https://www.qidian.com/chapter/1025901449/706095096/	2022-03-25 22:30:52	4031	vip
666	第666章 编号0000玩家请注意	706310636	https://www.qidian.com/chapter/1025901449/706310636/	2022-03-26 22:23:24	2659	vip
667	第667章 韩非嫁诡	706413829	https://www.qidian.com/chapter/1025901449/706413829/	2022-03-27 19:28:21	4093	vip
668	第668章 全家福	706568504	https://www.qidian.com/chapter/1025901449/706568504/	2022-03-28 21:56:20	4152	vip
669	第669章 系红绳	706699429	https://www.qidian.com/chapter/1025901449/706699429/	2022-03-29 21:31:38	4085	vip
670	第670章 你知我过去，我许你将来	706788997	https://www.qidian.com/chapter/1025901449/706788997/	2022-03-30 13:16:18	3227	vip
671	第671章 被诅咒的婚礼	706863165	https://www.qidian.com/chapter/1025901449/706863165/	2022-03-30 22:06:34	2722	vip
672	第672章 大号回归	707007603	https://www.qidian.com/chapter/1025901449/707007603/	2022-03-31 22:31:05	4146	vip
673	第673章 这算不算游戏彩蛋	707171925	https://www.qidian.com/chapter/1025901449/707171925/	2022-04-01 22:22:36	4040	vip
674	第674章 从恶开始	707338555	https://www.qidian.com/chapter/1025901449/707338555/	2022-04-02 22:09:15	4428	vip
675	第675章 杀了它	707439574	https://www.qidian.com/chapter/1025901449/707439574/	2022-04-03 22:01:08	4219	vip
676	第676章 丢了人心	707511961	https://www.qidian.com/chapter/1025901449/707511961/	2022-04-04 16:55:24	4058	vip
677	第677章 初代诡的秘密	707641561	https://www.qidian.com/chapter/1025901449/707641561/	2022-04-05 21:09:28	4049	vip
678	第678章 我选择的路	707773721	https://www.qidian.com/chapter/1025901449/707773721/	2022-04-06 18:07:06	4138	vip
679	第679章 被复活的女孩	707971666	https://www.qidian.com/chapter/1025901449/707971666/	2022-04-07 22:54:18	4228	vip
680	第680章 最初的深层世界管理者	708111544	https://www.qidian.com/chapter/1025901449/708111544/	2022-04-08 22:31:10	4154	vip
681	第681章 五位管理者	708213387	https://www.qidian.com/chapter/1025901449/708213387/	2022-04-09 22:16:15	4706	vip
682	第682章 噩梦开始	708311081	https://www.qidian.com/chapter/1025901449/708311081/	2022-04-10 21:35:32	4218	vip
683	第683章 你妻子在你女儿身体里	708577603	https://www.qidian.com/chapter/1025901449/708577603/	2022-04-12 19:05:50	3034	vip
684	第684章 最佳员工小贾	708597056	https://www.qidian.com/chapter/1025901449/708597056/	2022-04-12 22:26:34	2837	vip
685	第685章 他的噩梦堪比天灾	708726095	https://www.qidian.com/chapter/1025901449/708726095/	2022-04-13 20:10:22	4010	vip
686	第686章 噩梦之源	708859984	https://www.qidian.com/chapter/1025901449/708859984/	2022-04-14 20:36:26	2205	vip
687	第687章 即将揭晓的真相	708997298	https://www.qidian.com/chapter/1025901449/708997298/	2022-04-15 17:55:41	4334	vip
688	第688章 韩非的家人们	709144600	https://www.qidian.com/chapter/1025901449/709144600/	2022-04-16 22:09:47	4438	vip
689	第689章 阶段九	709244111	https://www.qidian.com/chapter/1025901449/709244111/	2022-04-17 20:29:52	3354	vip
690	第690章 我多少级来着？	709401657	https://www.qidian.com/chapter/1025901449/709401657/	2022-04-18 22:36:08	3601	vip
691	第691章 全城灵异事件	709562044	https://www.qidian.com/chapter/1025901449/709562044/	2022-04-19 21:53:11	4083	vip
692	第692章 普通人平淡的一天	709722649	https://www.qidian.com/chapter/1025901449/709722649/	2022-04-20 21:48:53	3452	vip
693	第693章 梦的躯壳	709907352	https://www.qidian.com/chapter/1025901449/709907352/	2022-04-21 22:37:28	4027	vip
694	第694章 人间镜面	710094140	https://www.qidian.com/chapter/1025901449/710094140/	2022-04-22 21:46:50	4036	vip
695	第695章 D级专属屠刀	710193739	https://www.qidian.com/chapter/1025901449/710193739/	2022-04-23 21:45:04	2475	vip
696	第696章 四号孩子的家	710345768	https://www.qidian.com/chapter/1025901449/710345768/	2022-04-24 21:39:56	4034	vip
697	第697章 有亲生父母的孤儿	710459021	https://www.qidian.com/chapter/1025901449/710459021/	2022-04-25 22:37:34	2406	vip
698	第698章 我们的照片	710623661	https://www.qidian.com/chapter/1025901449/710623661/	2022-04-26 21:42:52	4080	vip
699	第699章 水怪，水诡	710761648	https://www.qidian.com/chapter/1025901449/710761648/	2022-04-27 17:01:37	4121	vip
700	第700章 脑海，湖神	710963493	https://www.qidian.com/chapter/1025901449/710963493/	2022-04-28 19:19:17	4056	vip
701	第701章 沉入湖底的梦	711128992	https://www.qidian.com/chapter/1025901449/711128992/	2022-04-29 18:36:43	4228	vip
702	第702章 韩非参与的仪式	711254839	https://www.qidian.com/chapter/1025901449/711254839/	2022-04-30 22:05:21	3063	vip
703	第703章 梦的神龛	711348454	https://www.qidian.com/chapter/1025901449/711348454/	2022-05-01 21:11:25	4413	vip
704	第704章 大孽苏醒的前兆	711447905	https://www.qidian.com/chapter/1025901449/711447905/	2022-05-02 22:19:43	4021	vip
705	第705章 你不觉得它很可爱吗？	711533048	https://www.qidian.com/chapter/1025901449/711533048/	2022-05-03 20:12:44	4158	vip
706	第706章 小八是一把钥匙	711611412	https://www.qidian.com/chapter/1025901449/711611412/	2022-05-04 20:06:00	4050	vip
707	第707章 它活在大家的身体里	711741260	https://www.qidian.com/chapter/1025901449/711741260/	2022-05-05 20:13:50	4275	vip
708	第708章 绝望深处，善意也从未离开	711874444	https://www.qidian.com/chapter/1025901449/711874444/	2022-05-06 18:23:05	4013	vip
709	第709章 祝福类特殊道具	712058208	https://www.qidian.com/chapter/1025901449/712058208/	2022-05-07 22:20:04	2816	vip
710	第710章 器官工厂	712170924	https://www.qidian.com/chapter/1025901449/712170924/	2022-05-08 21:44:52	4042	vip
	请一天假，重新修改下大纲	712345297	https://www.qidian.com/chapter/1025901449/712345297/	2022-05-09 20:49:05	31	ext
711	第711章 首位治愈型人格	712507695	https://www.qidian.com/chapter/1025901449/712507695/	2022-05-10 21:50:29	4070	vip
712	第712章 九十九段死亡记忆	712658776	https://www.qidian.com/chapter/1025901449/712658776/	2022-05-11 22:11:41	4059	vip
713	第713章 韩非和狂笑的交易	712913123	https://www.qidian.com/chapter/1025901449/712913123/	2022-05-12 22:10:07	2824	vip
714	第714章 欺骗不可言说的演技	713034489	https://www.qidian.com/chapter/1025901449/713034489/	2022-05-13 21:12:00	2890	vip
715	第715章 诡管理者	713164154	https://www.qidian.com/chapter/1025901449/713164154/	2022-05-14 21:35:03	4029	vip
716	第716章 无归路	713215667	https://www.qidian.com/chapter/1025901449/713215667/	2022-05-15 13:00:02	4063	vip
717	第717章 诡的传承	713263395	https://www.qidian.com/chapter/1025901449/713263395/	2022-05-15 22:32:20	2933	vip
718	第718章 一百积分！	713377098	https://www.qidian.com/chapter/1025901449/713377098/	2022-05-16 22:09:52	3639	vip
	请一天假，找素材去	713493328	https://www.qidian.com/chapter/1025901449/713493328/	2022-05-17 17:16:11	12	ext
719	第719章 乐园迷宫	713649834	https://www.qidian.com/chapter/1025901449/713649834/	2022-05-18 21:55:00	4208	vip
720	第720章 韩非和被毁容的韩非	713768306	https://www.qidian.com/chapter/1025901449/713768306/	2022-05-19 21:43:58	4209	vip
721	第721章 人格休息的旅店	713886834	https://www.qidian.com/chapter/1025901449/713886834/	2022-05-20 20:06:00	3448	vip
722	第722章 人格平等和死亡投票	714098293	https://www.qidian.com/chapter/1025901449/714098293/	2022-05-21 23:09:04	2095	vip
723	第723章 凶手是谁已经不重要了	714179033	https://www.qidian.com/chapter/1025901449/714179033/	2022-05-22 21:30:46	4142	vip
724	第724章 十分钟的杀戮时间	714316112	https://www.qidian.com/chapter/1025901449/714316112/	2022-05-23 21:54:09	3308	vip
	请一天假，这个副本马上结束	714490267	https://www.qidian.com/chapter/1025901449/714490267/	2022-05-24 21:50:47	56	ext
725	第725章 明牌	714611139	https://www.qidian.com/chapter/1025901449/714611139/	2022-05-25 18:38:39	4337	vip
726	第726章 唯一的人格	714725535	https://www.qidian.com/chapter/1025901449/714725535/	2022-05-26 18:40:55	4492	vip
727	第727章 乐园管理者韩非	714867411	https://www.qidian.com/chapter/1025901449/714867411/	2022-05-27 21:50:33	2857	vip
728	第728章 我，初代诡	714962283	https://www.qidian.com/chapter/1025901449/714962283/	2022-05-28 22:50:21	2231	vip
729	第729章 活成了反派BOSS的模样	715043049	https://www.qidian.com/chapter/1025901449/715043049/	2022-05-29 21:44:28	3417	vip
730	第730章 最后一搏	715153008	https://www.qidian.com/chapter/1025901449/715153008/	2022-05-30 20:51:38	3242	vip
731	第731章 属于韩非的城市	715212691	https://www.qidian.com/chapter/1025901449/715212691/	2022-05-31 19:28:00	3240	vip
732	第732章 是英雄，也是魔鬼	715550277	https://www.qidian.com/chapter/1025901449/715550277/	2022-06-01 22:58:25	4258	vip
733	第733章 风口浪尖	716093086	https://www.qidian.com/chapter/1025901449/716093086/	2022-06-04 18:31:56	4244	vip
734	第734章 全民目击	716190960	https://www.qidian.com/chapter/1025901449/716190960/	2022-06-05 21:33:10	4135	vip
735	第735章 二十四小时	716322835	https://www.qidian.com/chapter/1025901449/716322835/	2022-06-06 18:52:09	4016	vip
736	第736章 黄赢的成名之战	716643563	https://www.qidian.com/chapter/1025901449/716643563/	2022-06-08 18:53:48	5508	vip
737	第737章 对手戏	716797142	https://www.qidian.com/chapter/1025901449/716797142/	2022-06-09 21:26:49	3319	vip
738	第738章 “生死竞速”	716903885	https://www.qidian.com/chapter/1025901449/716903885/	2022-06-10 18:32:17	4031	vip
739	第739章 洗脱嫌疑	717026826	https://www.qidian.com/chapter/1025901449/717026826/	2022-06-11 21:57:35	4274	vip
740	第740章 建造怪谈城市	717096504	https://www.qidian.com/chapter/1025901449/717096504/	2022-06-12 18:36:51	3347	vip
741	第741章 韩非的家底	717224218	https://www.qidian.com/chapter/1025901449/717224218/	2022-06-13 18:36:47	3617	vip
742	第742章 灵异侵入，狂笑和错乱	717364999	https://www.qidian.com/chapter/1025901449/717364999/	2022-06-14 20:11:26	4089	vip
743	第743章 今天也是厄运满满的一天呢	717490169	https://www.qidian.com/chapter/1025901449/717490169/	2022-06-15 19:45:07	3648	vip
744	第744章 星期日	717626235	https://www.qidian.com/chapter/1025901449/717626235/	2022-06-16 21:48:25	3611	vip
745	第745章 恶煞和吉神	717843198	https://www.qidian.com/chapter/1025901449/717843198/	2022-06-18 18:00:00	4601	vip
746	第746章 韩非的舞台	717935084	https://www.qidian.com/chapter/1025901449/717935084/	2022-06-19 18:26:33	3146	vip
747	第747章 迎新仪式	718056125	https://www.qidian.com/chapter/1025901449/718056125/	2022-06-20 18:21:12	4057	vip
748	第748章 轻轻敲醒沉睡的心灵	718213565	https://www.qidian.com/chapter/1025901449/718213565/	2022-06-21 21:43:12	3823	vip
749	第749章 这可太露骨了	718325906	https://www.qidian.com/chapter/1025901449/718325906/	2022-06-22 18:42:20	4069	vip
750	第750章 《黎明屠夫》赏析	718477004	https://www.qidian.com/chapter/1025901449/718477004/	2022-06-23 21:06:51	3018	vip
751	第751章 死镜	718753284	https://www.qidian.com/chapter/1025901449/718753284/	2022-06-25 12:16:34	3458	vip
752	第752章 灰色地带	718843996	https://www.qidian.com/chapter/1025901449/718843996/	2022-06-25 21:39:57	3468	vip
753	第753章 阳光男孩韩非	718911180	https://www.qidian.com/chapter/1025901449/718911180/	2022-06-26 18:39:16	3504	vip
754	第754章 韩非的兴趣爱好	719067769	https://www.qidian.com/chapter/1025901449/719067769/	2022-06-27 22:03:50	2831	vip
755	第755章 中老年杀手俱乐部	719121985	https://www.qidian.com/chapter/1025901449/719121985/	2022-06-28 18:00:00	3815	vip
756	第756章 我有点怯场	719305351	https://www.qidian.com/chapter/1025901449/719305351/	2022-06-29 21:25:59	3448	vip
757	第757章 舞者和花匠	719427396	https://www.qidian.com/chapter/1025901449/719427396/	2022-06-30 19:06:02	3461	vip
758	第758章 核心成员豚鼠面具	719622240	https://www.qidian.com/chapter/1025901449/719622240/	2022-07-01 21:05:52	3435	vip
759	第759章 线下聚会	719668322	https://www.qidian.com/chapter/1025901449/719668322/	2022-07-02 19:28:00	3024	vip
760	第760章 情绪杀人案	719938246	https://www.qidian.com/chapter/1025901449/719938246/	2022-07-04 20:44:33	4077	vip
761	第761章 死亡艺术比赛	720057372	https://www.qidian.com/chapter/1025901449/720057372/	2022-07-05 17:43:14	4013	vip
762	第762章 新作品《无人生还》	720210777	https://www.qidian.com/chapter/1025901449/720210777/	2022-07-06 18:00:00	3212	vip
763	第763章 晋升	720430121	https://www.qidian.com/chapter/1025901449/720430121/	2022-07-07 20:29:20	4232	vip
764	第764章 迟早把群友全部抓起来	720556768	https://www.qidian.com/chapter/1025901449/720556768/	2022-07-08 22:11:51	3333	vip
765	第765章 寿囍镜子厂	720647216	https://www.qidian.com/chapter/1025901449/720647216/	2022-07-09 20:20:38	3940	vip
766	第766章 大雨还在下，我的心里好害怕	720830744	https://www.qidian.com/chapter/1025901449/720830744/	2022-07-11 18:24:25	3813	vip
767	第767章 魔鬼都没有你这么会精打细算	720963902	https://www.qidian.com/chapter/1025901449/720963902/	2022-07-12 17:24:39	4217	vip
768	第768章 坦白局	721144971	https://www.qidian.com/chapter/1025901449/721144971/	2022-07-13 22:59:06	2887	vip
769	第769章 韩非和狂笑的选择	721267664	https://www.qidian.com/chapter/1025901449/721267664/	2022-07-14 20:38:21	3667	vip
770	第770章 花匠的家	721405437	https://www.qidian.com/chapter/1025901449/721405437/	2022-07-15 20:11:50	3826	vip
771	第771章 无所畏惧的韩非	721501382	https://www.qidian.com/chapter/1025901449/721501382/	2022-07-16 21:38:39	3288	vip
772	第772章 你被光砍过吗？	721649226	https://www.qidian.com/chapter/1025901449/721649226/	2022-07-18 12:51:35	3250	vip
773	第773章 治愈坏人的方法	721716176	https://www.qidian.com/chapter/1025901449/721716176/	2022-07-18 22:24:36	3017	vip
774	第774章 花园主人的线索	721809128	https://www.qidian.com/chapter/1025901449/721809128/	2022-07-19 18:48:15	4086	vip
775	第775章 判若两人	721934524	https://www.qidian.com/chapter/1025901449/721934524/	2022-07-20 18:04:20	3809	vip
776	第776章 挑衅	722082460	https://www.qidian.com/chapter/1025901449/722082460/	2022-07-21 21:09:56	3575	vip
777	第777章 新时代和旧时代夹缝中的我们	722221006	https://www.qidian.com/chapter/1025901449/722221006/	2022-07-22 22:05:43	3284	vip
778	第778章 完成自己一直想做的事情	722304596	https://www.qidian.com/chapter/1025901449/722304596/	2022-07-23 21:23:43	3749	vip
779	第779章 D级隐藏地图	722380286	https://www.qidian.com/chapter/1025901449/722380286/	2022-07-24 19:15:39	3617	vip
780	第780章 扭曲、畸形、罪恶	722524560	https://www.qidian.com/chapter/1025901449/722524560/	2022-07-25 19:58:53	3825	vip
781	第781章 沉默的瑰夫	722686030	https://www.qidian.com/chapter/1025901449/722686030/	2022-07-26 19:22:54	3539	vip
782	第782章 扭曲到令人恐惧的地方	722866376	https://www.qidian.com/chapter/1025901449/722866376/	2022-07-27 21:26:13	2498	vip
783	第783章 诡匠案	723005379	https://www.qidian.com/chapter/1025901449/723005379/	2022-07-28 21:00:13	3603	vip
784	第784章 完美融入当地居民的生活	723119116	https://www.qidian.com/chapter/1025901449/723119116/	2022-07-29 19:28:00	3656	vip
785	第785章 我就是红巷的规矩	723213803	https://www.qidian.com/chapter/1025901449/723213803/	2022-07-30 18:00:00	3415	vip
786	第786章 灾诡	723302730	https://www.qidian.com/chapter/1025901449/723302730/	2022-07-31 16:29:12	3655	vip
787	第787章 罪恶收藏家	723479699	https://www.qidian.com/chapter/1025901449/723479699/	2022-08-01 21:36:29	3103	vip
788	第788章 夜警	723604242	https://www.qidian.com/chapter/1025901449/723604242/	2022-08-02 20:33:34	3433	vip
789	第789章 血中的人脸	723726089	https://www.qidian.com/chapter/1025901449/723726089/	2022-08-03 21:03:58	3309	vip
790	第790章 全部	723825771	https://www.qidian.com/chapter/1025901449/723825771/	2022-08-04 18:59:11	3744	vip
791	第791章 他是我选择的主角	723927861	https://www.qidian.com/chapter/1025901449/723927861/	2022-08-05 18:45:01	3361	vip
792	第792章 掘墓者	724027528	https://www.qidian.com/chapter/1025901449/724027528/	2022-08-06 21:57:29	2050	vip
793	第793章 D级任务鬼牌案	724083348	https://www.qidian.com/chapter/1025901449/724083348/	2022-08-07 16:05:35	3847	vip
794	第794章 恐惧小孩	724221716	https://www.qidian.com/chapter/1025901449/724221716/	2022-08-08 18:51:26	3877	vip
795	第795章 这可是我的专业领域！	724373722	https://www.qidian.com/chapter/1025901449/724373722/	2022-08-09 17:55:31	4230	vip
796	第796章 毒妇	724484265	https://www.qidian.com/chapter/1025901449/724484265/	2022-08-10 18:00:00	3715	vip
797	第797章 编号二	724588131	https://www.qidian.com/chapter/1025901449/724588131/	2022-08-11 18:00:00	3677	vip
798	第798章 他是真正的天才	724722533	https://www.qidian.com/chapter/1025901449/724722533/	2022-08-12 18:00:00	3619	vip
799	第799章 我好害怕，但我是装的	724830538	https://www.qidian.com/chapter/1025901449/724830538/	2022-08-13 17:21:50	2814	vip
800	第800章 我们四个很强	724915215	https://www.qidian.com/chapter/1025901449/724915215/	2022-08-14 17:45:37	3225	vip
	请一天假，晚上有些事情今天写不完了	725050302	https://www.qidian.com/chapter/1025901449/725050302/	2022-08-15 17:57:31	7	ext
801	第801章 唯一的黑夜	725376313	https://www.qidian.com/chapter/1025901449/725376313/	2022-08-16 17:30:35	3497	vip
802	第802章 食肉日	725666154	https://www.qidian.com/chapter/1025901449/725666154/	2022-08-17 15:45:59	3602	vip
803	第803章 死亡，还是新生	725789275	https://www.qidian.com/chapter/1025901449/725789275/	2022-08-18 17:54:48	4209	vip
804	第804章 夜幕中的英雄	725912582	https://www.qidian.com/chapter/1025901449/725912582/	2022-08-19 18:38:35	2727	vip
805	第805章 记忆融合的征兆	725996738	https://www.qidian.com/chapter/1025901449/725996738/	2022-08-20 18:12:37	2646	vip
806	第806章 新沪入夜了	726078044	https://www.qidian.com/chapter/1025901449/726078044/	2022-08-21 18:00:23	2869	vip
807	第807章 没关系，还有我	726202861	https://www.qidian.com/chapter/1025901449/726202861/	2022-08-22 19:05:12	2139	vip
808	第808章 我摊牌了	726337579	https://www.qidian.com/chapter/1025901449/726337579/	2022-08-23 18:00:47	3923	vip
809	第809章 超级罪犯沈洛	726468193	https://www.qidian.com/chapter/1025901449/726468193/	2022-08-24 19:59:00	3527	vip
810	第810章 完美背锅侠	726584904	https://www.qidian.com/chapter/1025901449/726584904/	2022-08-25 18:27:49	3417	vip
811	第811章 起初只是小小的不正常	726741705	https://www.qidian.com/chapter/1025901449/726741705/	2022-08-26 17:33:13	3498	vip
812	第812章 疯子眼中的世界变为现实	726913236	https://www.qidian.com/chapter/1025901449/726913236/	2022-08-28 20:02:56	3692	vip
813	第813章 摩天大楼的生桩	727031073	https://www.qidian.com/chapter/1025901449/727031073/	2022-08-29 21:06:08	3437	vip
814	第814章 太太，您要找的是这个恶之魂吗？	727130612	https://www.qidian.com/chapter/1025901449/727130612/	2022-08-30 21:48:11	3522	vip
815	第815章 不可言说的恐怖	727219895	https://www.qidian.com/chapter/1025901449/727219895/	2022-08-31 18:48:10	2827	vip
816	第816章 五十一层	727328873	https://www.qidian.com/chapter/1025901449/727328873/	2022-09-01 20:18:05	2886	vip
817	第817章 有丝分裂	727441966	https://www.qidian.com/chapter/1025901449/727441966/	2022-09-02 20:39:20	3551	vip
818	第818章 死亡之屋	727596792	https://www.qidian.com/chapter/1025901449/727596792/	2022-09-04 20:58:04	4290	vip
819	第819章 他们回来了	727757428	https://www.qidian.com/chapter/1025901449/727757428/	2022-09-05 20:49:29	3737	vip
820	第820章 最恐怖、最绝望、最疯狂的班级	727848231	https://www.qidian.com/chapter/1025901449/727848231/	2022-09-06 18:00:21	2859	vip
821	第821章 没有明天的我们	727963834	https://www.qidian.com/chapter/1025901449/727963834/	2022-09-07 18:00:00	3644	vip
822	第822章 高诚	728115633	https://www.qidian.com/chapter/1025901449/728115633/	2022-09-08 19:13:43	3810	vip
823	第823章 交织缠绕的命运	728237230	https://www.qidian.com/chapter/1025901449/728237230/	2022-09-09 18:21:17	3864	vip
824	第824章 怪物是指像我这样的人吗？	728346149	https://www.qidian.com/chapter/1025901449/728346149/	2022-09-10 18:56:39	3814	vip
825	第825章 贪欲人格，人性深渊	728419408	https://www.qidian.com/chapter/1025901449/728419408/	2022-09-11 18:32:47	3667	vip
826	第826章 模范师生关系	728490675	https://www.qidian.com/chapter/1025901449/728490675/	2022-09-12 16:45:18	3656	vip
827	第827章 幸运值拉满的韩非	728604751	https://www.qidian.com/chapter/1025901449/728604751/	2022-09-13 17:33:00	3827	vip
828	第828章 血宴	728718979	https://www.qidian.com/chapter/1025901449/728718979/	2022-09-14 18:22:08	3694	vip
829	第829章 那是他的妈妈	728807711	https://www.qidian.com/chapter/1025901449/728807711/	2022-09-15 17:33:00	3838	vip
830	第830章 兑换诡怪	728988645	https://www.qidian.com/chapter/1025901449/728988645/	2022-09-16 20:56:20	3629	vip
831	第831章 考核前的最后准备	729066979	https://www.qidian.com/chapter/1025901449/729066979/	2022-09-17 17:19:52	3677	vip
832	第832章 你这是表演型人格？	729134503	https://www.qidian.com/chapter/1025901449/729134503/	2022-09-18 14:57:08	4011	vip
833	第833章 治愈系人格治死了人？	729241555	https://www.qidian.com/chapter/1025901449/729241555/	2022-09-19 18:12:28	4033	vip
834	第834章 仰望星辰，俯视深渊	729363739	https://www.qidian.com/chapter/1025901449/729363739/	2022-09-20 17:39:43	3489	vip
835	第835章 血肉神像	729506541	https://www.qidian.com/chapter/1025901449/729506541/	2022-09-21 20:02:27	3536	vip
836	第836章 韩非医生和丧女护士	729602812	https://www.qidian.com/chapter/1025901449/729602812/	2022-09-22 17:32:26	3636	vip
837	第837章 天生的祭品人格	729780906	https://www.qidian.com/chapter/1025901449/729780906/	2022-09-23 20:08:51	3433	vip
838	第838章 怪物们到齐了	729844665	https://www.qidian.com/chapter/1025901449/729844665/	2022-09-24 17:56:00	3683	vip
	今天写不完了，请一天假，抱歉	729941358	https://www.qidian.com/chapter/1025901449/729941358/	2022-09-25 22:36:00	13	ext
839	第839章 考核开始（5000）	730038275	https://www.qidian.com/chapter/1025901449/730038275/	2022-09-26 16:57:16	5010	vip
840	第840章 奇迹人格	730156253	https://www.qidian.com/chapter/1025901449/730156253/	2022-09-27 17:45:21	4261	vip
841	第841章 一个都不许少	730227011	https://www.qidian.com/chapter/1025901449/730227011/	2022-09-28 17:33:00	4074	vip
842	第842章 直到我如愿以偿	730462561	https://www.qidian.com/chapter/1025901449/730462561/	2022-09-29 16:24:37	3704	vip
843	第843章 灾厄调查局	730580660	https://www.qidian.com/chapter/1025901449/730580660/	2022-09-30 18:18:08	3831	vip
844	第844章 他满脸都写着教书育人、救死扶伤	730659685	https://www.qidian.com/chapter/1025901449/730659685/	2022-10-01 18:41:01	3537	vip
845	第845章 原来他献祭了自己	730732485	https://www.qidian.com/chapter/1025901449/730732485/	2022-10-02 17:59:15	3617	vip
846	第846章 鬼王游街，与罪同行	730804851	https://www.qidian.com/chapter/1025901449/730804851/	2022-10-03 15:42:10	3815	vip
847	第847章 这就是我吸引诡怪的方式	730902116	https://www.qidian.com/chapter/1025901449/730902116/	2022-10-04 21:39:32	3425	vip
	请一天假，抱歉	730962643	https://www.qidian.com/chapter/1025901449/730962643/	2022-10-05 19:07:02	26	ext
848	第848章 过去的痛苦好像深海	731013702	https://www.qidian.com/chapter/1025901449/731013702/	2022-10-06 13:14:04	4212	vip
849	第849章 溢满绝望的双眼	731113598	https://www.qidian.com/chapter/1025901449/731113598/	2022-10-07 21:20:54	4057	vip
850	第850章 六次觉醒的人格	731195234	https://www.qidian.com/chapter/1025901449/731195234/	2022-10-08 19:00:47	4115	vip
851	第851章 高诚的心愿	731255177	https://www.qidian.com/chapter/1025901449/731255177/	2022-10-09 17:33:00	4118	vip
852	第852章 他对工作有种过分的热情	731443798	https://www.qidian.com/chapter/1025901449/731443798/	2022-10-10 20:27:28	3852	vip
853	第853章 温柔、美丽、默默承受的妈妈	731551929	https://www.qidian.com/chapter/1025901449/731551929/	2022-10-11 20:20:33	3205	vip
854	第854章 韩非的疯狂想法	731647944	https://www.qidian.com/chapter/1025901449/731647944/	2022-10-12 18:35:09	4011	vip
855	第855章 趁着天黑，好好收拾下我的玩具	731752295	https://www.qidian.com/chapter/1025901449/731752295/	2022-10-13 21:00:44	3616	vip
856	第856章 我“鬼混”回来了	731856452	https://www.qidian.com/chapter/1025901449/731856452/	2022-10-14 20:00:54	4575	vip
857	第857章 篡神的第一步	731937683	https://www.qidian.com/chapter/1025901449/731937683/	2022-10-15 21:14:15	3920	vip
858	第858章 未知等级天赋	732081097	https://www.qidian.com/chapter/1025901449/732081097/	2022-10-17 16:39:14	3613	vip
859	第859章 独自撑起一个部门	732260437	https://www.qidian.com/chapter/1025901449/732260437/	2022-10-18 21:25:03	3040	vip
860	第860章 一级红色预警，韩非	732380581	https://www.qidian.com/chapter/1025901449/732380581/	2022-10-19 22:15:10	3259	vip
861	第861章 演员的宿命	732516917	https://www.qidian.com/chapter/1025901449/732516917/	2022-10-20 20:34:22	3410	vip
862	第862章 除灵仪式	732628078	https://www.qidian.com/chapter/1025901449/732628078/	2022-10-21 18:07:09	3232	vip
863	第863章 天赋能力无知者无畏	732716932	https://www.qidian.com/chapter/1025901449/732716932/	2022-10-22 21:26:49	3301	vip
	请一天假，今天写不完了	732800898	https://www.qidian.com/chapter/1025901449/732800898/	2022-10-23 23:13:52	16	ext
864	第864章 新仇旧恨！	732826744	https://www.qidian.com/chapter/1025901449/732826744/	2022-10-24 10:40:04	3265	vip
865	第865章 藏在罐中的大脑	732892936	https://www.qidian.com/chapter/1025901449/732892936/	2022-10-24 20:58:35	2704	vip
866	第866章 入院	732983384	https://www.qidian.com/chapter/1025901449/732983384/	2022-10-25 19:34:48	3688	vip
867	第867章 他们的恐惧在我之下	733095717	https://www.qidian.com/chapter/1025901449/733095717/	2022-10-26 21:09:00	4209	vip
868	第868章 我在这里	733184624	https://www.qidian.com/chapter/1025901449/733184624/	2022-10-27 17:39:07	3466	vip
869	第869章 逃出精神诡蜮	733287922	https://www.qidian.com/chapter/1025901449/733287922/	2022-10-28 15:41:41	3224	vip
870	第870章 杀掉我之前请温柔	733386498	https://www.qidian.com/chapter/1025901449/733386498/	2022-10-29 18:46:42	3443	vip
871	第871章 七次觉醒的贪欲人格	733436143	https://www.qidian.com/chapter/1025901449/733436143/	2022-10-30 12:09:09	3741	vip
872	第872章 二次献祭	733552123	https://www.qidian.com/chapter/1025901449/733552123/	2022-10-31 17:59:23	2819	vip
873	第873章 黑楼跌倒，韩非吃饱	733733387	https://www.qidian.com/chapter/1025901449/733733387/	2022-11-01 14:23:44	3530	vip
874	第874章 消失的老人们	734055892	https://www.qidian.com/chapter/1025901449/734055892/	2022-11-02 11:00:22	3444	vip
875	第875章 傅家祠堂	734417831	https://www.qidian.com/chapter/1025901449/734417831/	2022-11-03 13:02:22	3533	vip
876	第876章 长寿、天年、不死、永生	734561108	https://www.qidian.com/chapter/1025901449/734561108/	2022-11-04 12:11:04	3419	vip
877	第877章 吃时间的诡	734662233	https://www.qidian.com/chapter/1025901449/734662233/	2022-11-05 12:08:24	3454	vip
878	第878章 看不见的朋友	734875746	https://www.qidian.com/chapter/1025901449/734875746/	2022-11-06 17:51:44	3281	vip
879	第879章 灾厄见证者	734961759	https://www.qidian.com/chapter/1025901449/734961759/	2022-11-07 16:40:20	3530	vip
880	第880章 十三组的怪物们！	735064501	https://www.qidian.com/chapter/1025901449/735064501/	2022-11-08 12:25:10	3560	vip
881	第881章 韩非的野心，侵吞城市	735167639	https://www.qidian.com/chapter/1025901449/735167639/	2022-11-09 12:45:25	4041	vip
882	第882章 大孽的眼睛	735298629	https://www.qidian.com/chapter/1025901449/735298629/	2022-11-10 14:54:32	3015	vip
883	第883章 敢杀我的马？	735375510	https://www.qidian.com/chapter/1025901449/735375510/	2022-11-11 10:18:33	3002	vip
884	第884章 悍匪的风格	735501396	https://www.qidian.com/chapter/1025901449/735501396/	2022-11-12 20:36:53	2853	vip
885	第885章 残暴人格	735571556	https://www.qidian.com/chapter/1025901449/735571556/	2022-11-13 17:00:27	3471	vip
886	第886章 摘取神灵的双眼	735690208	https://www.qidian.com/chapter/1025901449/735690208/	2022-11-14 12:15:14	3107	vip
887	第887章 那就让他的生日和忌日在同一天	735825422	https://www.qidian.com/chapter/1025901449/735825422/	2022-11-15 16:13:22	3030	vip
888	第888章 冲霄！	735912196	https://www.qidian.com/chapter/1025901449/735912196/	2022-11-16 11:22:30	3111	vip
889	第889章 那一刻，他的世界坍塌了	736074751	https://www.qidian.com/chapter/1025901449/736074751/	2022-11-17 20:14:32	2704	vip
890	第890章 灾厄的顶点	736169328	https://www.qidian.com/chapter/1025901449/736169328/	2022-11-18 18:24:36	3417	vip
891	第891章 隐藏职业刑夫	736240199	https://www.qidian.com/chapter/1025901449/736240199/	2022-11-19 15:56:07	2911	vip
892	第892章 八次觉醒！改写命运！	736298155	https://www.qidian.com/chapter/1025901449/736298155/	2022-11-20 11:02:45	3211	vip
893	第893章 疯狂的计划	736372384	https://www.qidian.com/chapter/1025901449/736372384/	2022-11-21 11:13:28	3232	vip
894	第894章 逆袭的开始	736497373	https://www.qidian.com/chapter/1025901449/736497373/	2022-11-22 18:35:53	2840	vip
895	第895章 第四据点	736596218	https://www.qidian.com/chapter/1025901449/736596218/	2022-11-23 18:07:30	3013	vip
896	第896章 恨意收集者	736684997	https://www.qidian.com/chapter/1025901449/736684997/	2022-11-24 15:27:30	3013	vip
	今天写不完了，请一天假	736974785	https://www.qidian.com/chapter/1025901449/736974785/	2022-11-25 22:55:17	14	ext
897	第897章 幻想中美满的家庭	737117630	https://www.qidian.com/chapter/1025901449/737117630/	2022-11-26 17:09:03	3440	vip
898	第898章 诡母？圣母？	737190467	https://www.qidian.com/chapter/1025901449/737190467/	2022-11-27 17:06:39	3443	vip
899	第899章 多么丑陋的永生啊	737324633	https://www.qidian.com/chapter/1025901449/737324633/	2022-11-28 18:20:08	2432	vip
900	第900章 钓魂	737516068	https://www.qidian.com/chapter/1025901449/737516068/	2022-11-29 18:29:53	3234	vip
901	第901章 这是个什么东西啊！	737593630	https://www.qidian.com/chapter/1025901449/737593630/	2022-11-30 12:38:19	2835	vip
902	第902章 永生的代价	737674413	https://www.qidian.com/chapter/1025901449/737674413/	2022-12-01 10:01:18	2437	vip
903	第903章 哪怕成为怪物	737785604	https://www.qidian.com/chapter/1025901449/737785604/	2022-12-02 12:14:50	2436	vip
904	第904章 在我自己的神龛里怎么输？（5000）	737891246	https://www.qidian.com/chapter/1025901449/737891246/	2022-12-03 18:35:19	5082	vip
905	第905章 人格的极限	737940448	https://www.qidian.com/chapter/1025901449/737940448/	2022-12-04 12:27:08	2467	vip
906	第906章 你和我都是孤独的鬼	738009383	https://www.qidian.com/chapter/1025901449/738009383/	2022-12-05 11:56:23	2831	vip
907	第907章 无畏是向奇迹迈出的第一步	738155165	https://www.qidian.com/chapter/1025901449/738155165/	2022-12-07 08:08:00	3693	vip
908	第908章 全疯了	738273108	https://www.qidian.com/chapter/1025901449/738273108/	2022-12-08 08:08:00	2940	vip
909	第909章 你们的老师来了	738370284	https://www.qidian.com/chapter/1025901449/738370284/	2022-12-09 09:10:05	2821	vip
910	第910章 希望新城的最后希望	738377468	https://www.qidian.com/chapter/1025901449/738377468/	2022-12-10 07:59:00	2719	vip
911	第911章 歇斯底里的狂笑声	738525265	https://www.qidian.com/chapter/1025901449/738525265/	2022-12-11 09:46:51	2861	vip
912	第912章 崭新的世界	738531778	https://www.qidian.com/chapter/1025901449/738531778/	2022-12-11 12:01:33	3079	vip
913	第913章 神灵的弱点	738531829	https://www.qidian.com/chapter/1025901449/738531829/	2022-12-11 12:03:24	2852	vip
914	第914章 你愿意成为爸爸和妈妈的眼睛吗？	738614282	https://www.qidian.com/chapter/1025901449/738614282/	2022-12-12 12:50:55	3051	vip
915	第915章 生于恨，死于爱	738701684	https://www.qidian.com/chapter/1025901449/738701684/	2022-12-13 12:00:26	2856	vip
916	第916章 C级诅咒物合照	738806773	https://www.qidian.com/chapter/1025901449/738806773/	2022-12-14 12:11:00	3016	vip
917	第917章 禁楼A级研究员韩非	738922501	https://www.qidian.com/chapter/1025901449/738922501/	2022-12-15 12:23:34	3115	vip
918	第918章 发生在未来的真相	739025497	https://www.qidian.com/chapter/1025901449/739025497/	2022-12-16 16:58:25	3127	vip
	写不完了，请一天假	739107517	https://www.qidian.com/chapter/1025901449/739107517/	2022-12-17 21:08:04	34	ext
919	第919章 惊人的发现	739157486	https://www.qidian.com/chapter/1025901449/739157486/	2022-12-18 17:43:10	3082	vip
920	第920章 狂笑的家	739251616	https://www.qidian.com/chapter/1025901449/739251616/	2022-12-19 17:16:28	3071	vip
921	第921章 大概能算是个好消息	739307006	https://www.qidian.com/chapter/1025901449/739307006/	2022-12-20 12:17:18	2907	vip
922	第922章 电梯里的神像	739400155	https://www.qidian.com/chapter/1025901449/739400155/	2022-12-21 17:53:55	3001	vip
923	第923章 傅谨	739440778	https://www.qidian.com/chapter/1025901449/739440778/	2022-12-22 10:48:58	2065	vip
924	第924章 上天赋予最绝望那个人的希望	739747874	https://www.qidian.com/chapter/1025901449/739747874/	2022-12-26 16:47:53	2828	vip
925	第925章 连接两个世界的桥	739840813	https://www.qidian.com/chapter/1025901449/739840813/	2022-12-27 16:18:45	2673	vip
926	第926章 我想去阴间冷静一下	739928650	https://www.qidian.com/chapter/1025901449/739928650/	2022-12-28 16:14:42	2883	vip
927	第927章 地狱的十九层连接着人间	740039193	https://www.qidian.com/chapter/1025901449/740039193/	2022-12-29 21:08:24	2220	vip
928	第928章 黑箱深处	740110296	https://www.qidian.com/chapter/1025901449/740110296/	2022-12-30 17:14:54	2715	vip
929	第929章 三十一个绝望	740180438	https://www.qidian.com/chapter/1025901449/740180438/	2022-12-31 16:47:35	2828	vip
	新年快乐！	740262078	https://www.qidian.com/chapter/1025901449/740262078/	2023-01-01 18:52:05	114	ext
930	第930章 弑神	740321944	https://www.qidian.com/chapter/1025901449/740321944/	2023-01-02 11:26:36	2962	vip
931	第931章 韩非的决心	740342569	https://www.qidian.com/chapter/1025901449/740342569/	2023-01-02 18:08:39	3119	vip
932	第932章 新神韩非	740404566	https://www.qidian.com/chapter/1025901449/740404566/	2023-01-03 12:03:24	3879	vip
933	第933章 九次觉醒的人格	740451635	https://www.qidian.com/chapter/1025901449/740451635/	2023-01-03 18:02:10	3459	vip
934	第934章 大鬼和小鬼	740516547	https://www.qidian.com/chapter/1025901449/740516547/	2023-01-04 12:08:12	3619	vip
935	第935章 我们这算是要和永生制药开战吧？	740559002	https://www.qidian.com/chapter/1025901449/740559002/	2023-01-04 18:11:51	3037	vip
936	第936章 脑衰竭	740692124	https://www.qidian.com/chapter/1025901449/740692124/	2023-01-05 12:19:31	3266	vip
937	第937章 天网和夜幕	740782947	https://www.qidian.com/chapter/1025901449/740782947/	2023-01-05 18:22:55	3044	vip
938	第938章 梦的孩子	740980783	https://www.qidian.com/chapter/1025901449/740980783/	2023-01-06 12:25:49	3220	vip
939	第939章 傅生的继承人韩非	741090885	https://www.qidian.com/chapter/1025901449/741090885/	2023-01-07 12:24:39	3647	vip
940	第940章 最有潜力成为不可言说的人	741117751	https://www.qidian.com/chapter/1025901449/741117751/	2023-01-07 20:55:55	3272	vip
	感谢繁星满天下的烟花的白银盟！	741119320	https://www.qidian.com/chapter/1025901449/741119320/	2023-01-07 21:07:44	22	ext
941	第941章 星期四	741131402	https://www.qidian.com/chapter/1025901449/741131402/	2023-01-07 23:36:37	3061	vip
942	第942章 血色夜的约定	741154607	https://www.qidian.com/chapter/1025901449/741154607/	2023-01-08 11:51:56	2839	vip
943	第943章 恐惧映入现实	741174532	https://www.qidian.com/chapter/1025901449/741174532/	2023-01-08 18:29:55	2898	vip
944	第944章 见面	741232606	https://www.qidian.com/chapter/1025901449/741232606/	2023-01-09 12:09:34	3073	vip
945	第945章 我和我的罪孽	741376047	https://www.qidian.com/chapter/1025901449/741376047/	2023-01-10 20:50:32	4805	vip
946	第946章 无法退出！	741426686	https://www.qidian.com/chapter/1025901449/741426686/	2023-01-11 13:02:07	4174	vip
947	第947章 被噩梦笼罩的十一座神龛	741526534	https://www.qidian.com/chapter/1025901449/741526534/	2023-01-12 12:10:57	4125	vip
948	第948章 请注意！他来了	741607887	https://www.qidian.com/chapter/1025901449/741607887/	2023-01-13 11:47:36	3303	vip
949	第949章 阳光男孩和他的幸福社区	741720923	https://www.qidian.com/chapter/1025901449/741720923/	2023-01-14 11:29:55	3804	vip
	新年写给书友的一封信	741517915	https://www.qidian.com/chapter/1025901449/741517915/	2023-01-14 18:08:00	485	ext
950	第950章 第三层噩梦家宴	741741912	https://www.qidian.com/chapter/1025901449/741741912/	2023-01-14 18:08:08	5332	vip
951	第951章 治愈噩梦的玩家	741789424	https://www.qidian.com/chapter/1025901449/741789424/	2023-01-15 12:49:03	3838	vip
952	第952章 第四层噩梦外星人	741919157	https://www.qidian.com/chapter/1025901449/741919157/	2023-01-16 18:30:53	4729	vip
953	第953章 紧急会议	741967566	https://www.qidian.com/chapter/1025901449/741967566/	2023-01-17 10:57:49	4678	vip
	安利一本朋友的书	742016122	https://www.qidian.com/chapter/1025901449/742016122/	2023-01-17 20:33:00	110	ext
954	第954章 熟悉我的人都知道，我是讲道理的	742027848	https://www.qidian.com/chapter/1025901449/742027848/	2023-01-17 22:58:49	3421	vip
955	第955章 第六层噩梦平安街	742059360	https://www.qidian.com/chapter/1025901449/742059360/	2023-01-18 11:28:43	3082	vip
956	第956章 骑士和公主	742176881	https://www.qidian.com/chapter/1025901449/742176881/	2023-01-19 21:26:14	3613	vip
957	第957章 我会给你全部的幸福	742232447	https://www.qidian.com/chapter/1025901449/742232447/	2023-01-20 17:31:55	2279	vip
958	第958章 火焰	742289457	https://www.qidian.com/chapter/1025901449/742289457/	2023-01-21 17:44:02	3872	vip
959	第959章 永不放弃！（新年快乐！）	742342082	https://www.qidian.com/chapter/1025901449/742342082/	2023-01-22 18:34:54	4604	vip
960	第960章 唯一可以退出游戏的玩家	742379487	https://www.qidian.com/chapter/1025901449/742379487/	2023-01-23 12:03:12	4822	vip
961	第961章 第七层噩梦驱邪	742434209	https://www.qidian.com/chapter/1025901449/742434209/	2023-01-24 12:00:15	4296	vip
962	第962章 找诡游戏	742490113	https://www.qidian.com/chapter/1025901449/742490113/	2023-01-25 12:21:10	3828	vip
963	第963章 开始燃烧的贪欲火焰	742518392	https://www.qidian.com/chapter/1025901449/742518392/	2023-01-26 12:06:00	3291	vip
964	第964章 驱邪开始	742623868	https://www.qidian.com/chapter/1025901449/742623868/	2023-01-27 19:43:32	3273	vip
965	第965章 爱已成诡	742669260	https://www.qidian.com/chapter/1025901449/742669260/	2023-01-28 14:11:39	4327	vip
966	第966章 第八层噩梦喜剧演员	742717867	https://www.qidian.com/chapter/1025901449/742717867/	2023-01-29 12:06:00	5648	vip
967	第967章 唯一的观众	742752976	https://www.qidian.com/chapter/1025901449/742752976/	2023-01-30 12:06:00	3407	vip
968	第968章 不要去考验人性	742966229	https://www.qidian.com/chapter/1025901449/742966229/	2023-01-31 12:06:00	4117	vip
969	第969章 我可以选择做好人，也可以成为最坏的人	743122238	https://www.qidian.com/chapter/1025901449/743122238/	2023-02-01 12:06:00	3436	vip
970	第970章 第九层噩梦夜车	743122472	https://www.qidian.com/chapter/1025901449/743122472/	2023-02-02 12:06:00	3016	vip
971	第971章 两次恋爱	743342096	https://www.qidian.com/chapter/1025901449/743342096/	2023-02-03 12:06:00	3488	vip
972	第972章 这一路颠簸曲折，可我无怨无悔	743342111	https://www.qidian.com/chapter/1025901449/743342111/	2023-02-04 12:06:00	3410	vip
973	第973章 最不像噩梦的梦	743434233	https://www.qidian.com/chapter/1025901449/743434233/	2023-02-05 12:06:00	3759	vip
974	第974章 我一生的终点是你	743434314	https://www.qidian.com/chapter/1025901449/743434314/	2023-02-06 12:06:00	3200	vip
975	第975章 被囚禁的神	743669607	https://www.qidian.com/chapter/1025901449/743669607/	2023-02-07 12:06:00	3803	vip
976	第976章 傅生的游戏头盔	743669680	https://www.qidian.com/chapter/1025901449/743669680/	2023-02-08 12:06:00	4053	vip
977	第977章 黑盒历任主人的祝福	743669709	https://www.qidian.com/chapter/1025901449/743669709/	2023-02-09 12:06:00	3913	vip
978	第978章 二号玩家	743945221	https://www.qidian.com/chapter/1025901449/743945221/	2023-02-10 12:06:00	3853	vip
979	第979章 第十一层噩梦遗书	743945261	https://www.qidian.com/chapter/1025901449/743945261/	2023-02-11 12:06:00	3439	vip
980	第980章 坟村	743945291	https://www.qidian.com/chapter/1025901449/743945291/	2023-02-12 12:06:00	4092	vip
981	第981章 祭奠	744204737	https://www.qidian.com/chapter/1025901449/744204737/	2023-02-13 12:06:00	3667	vip
982	第982章 做诡	744204767	https://www.qidian.com/chapter/1025901449/744204767/	2023-02-14 12:06:00	3617	vip
983	第983章 “卑劣”的救世主	744204793	https://www.qidian.com/chapter/1025901449/744204793/	2023-02-15 12:06:00	4074	vip
984	第984章 集体失踪	744204887	https://www.qidian.com/chapter/1025901449/744204887/	2023-02-16 12:06:00	3864	vip
985	第985章 梦魇工厂	744614160	https://www.qidian.com/chapter/1025901449/744614160/	2023-02-17 12:06:00	3824	vip
986	第986章 我家？	744614201	https://www.qidian.com/chapter/1025901449/744614201/	2023-02-18 12:06:00	3535	vip
987	第987章 韩非的梦魇	744614223	https://www.qidian.com/chapter/1025901449/744614223/	2023-02-19 12:06:00	4067	vip
988	第988章 初代鬼的救赎	744614246	https://www.qidian.com/chapter/1025901449/744614246/	2023-02-20 12:06:00	3629	vip
989	第989章 噩梦布下的死局	744614274	https://www.qidian.com/chapter/1025901449/744614274/	2023-02-21 12:06:00	4077	vip
990	第990章 我的人生总是这样绝望吗？	745091489	https://www.qidian.com/chapter/1025901449/745091489/	2023-02-22 12:06:00	3928	vip
991	第991章 三天	745091514	https://www.qidian.com/chapter/1025901449/745091514/	2023-02-23 12:06:00	4300	vip
992	第992章 狂笑身上的伤口	745091583	https://www.qidian.com/chapter/1025901449/745091583/	2023-02-24 12:06:00	3811	vip
993	第993章 最后一个噩梦：希望你每天快乐	745091643	https://www.qidian.com/chapter/1025901449/745091643/	2023-02-25 12:06:00	3552	vip
994	第994章 开在深海的花	745428267	https://www.qidian.com/chapter/1025901449/745428267/	2023-02-25 22:56:36	2953	vip
995	第995章 命运的尽头	745450176	https://www.qidian.com/chapter/1025901449/745450176/	2023-02-26 13:18:00	3807	vip
996	第996章 不可言说的狂笑	745517172	https://www.qidian.com/chapter/1025901449/745517172/	2023-02-27 12:00:00	3244	vip
997	第997章 血色夜	745585349	https://www.qidian.com/chapter/1025901449/745585349/	2023-02-27 21:04:57	7696	vip
998	第998章 留给世界的微笑	745588197	https://www.qidian.com/chapter/1025901449/745588197/	2023-02-28 02:38:00	6955	vip
999	第999章 没有你的世界	745654115	https://www.qidian.com/chapter/1025901449/745654115/	2023-02-28 17:57:40	6207	vip
1000	第1000章 欢迎来到完美人生（终章）	745751679	https://www.qidian.com/chapter/1025901449/745751679/	2023-03-01 16:49:27	5458	vip
	番外 预告	746134736	https://www.qidian.com/chapter/1025901449/746134736/	2023-03-05 23:32:42	470	ext
	番外 终究要长大的小孩	750111826	https://www.qidian.com/chapter/1025901449/750111826/	2023-04-13 20:06:39	1070	ext
	新书发布~怪谈游戏设计师	765928264	https://www.qidian.com/chapter/1025901449/765928264/	2023-09-11 07:53:21	74	ext
	怪谈游戏设计师实体书开启预售，还有丰富赠品~	822403994	https://www.qidian.com/chapter/1025901449/822403994/	2024-12-28 11:15:49	115	ext
