no	labeled_no	title	official_title	official_url	first_pub	official_words	txt_cjk_chars	deviation_pct	src_line_start	src_line_end
1	1	玩游戏吗？玩之前先开颅那种	第1章 玩游戏吗？玩之前先开颅那种	https://www.qidian.com/chapter/1025901449/632217048/	2021-01-25 11:03:07	2316	2395	3.4	10	56
2	2	和睦的邻里关系	第2章 和睦的邻里关系	https://www.qidian.com/chapter/1025901449/632218435/	2021-01-25 11:07:12	2571	2704	5.2	58	130
3	3	睡觉！	第3章 睡觉！	https://www.qidian.com/chapter/1025901449/632311298/	2021-01-25 19:54:43	2554	2689	5.3	132	202
4	4	朝着不可言说的方向发展了	第4章 朝着不可言说的方向发展了	https://www.qidian.com/chapter/1025901449/632374822/	2021-01-26 12:00:00	2449	2582	5.4	204	278
5	5	你管这叫休闲治愈游戏？	第5章 你管这叫休闲治愈游戏？	https://www.qidian.com/chapter/1025901449/632375121/	2021-01-26 20:00:00	2424	2532	4.5	280	337
6	6	社恐好了，但是人疯了	第6章 社恐好了，但是人疯了	https://www.qidian.com/chapter/1025901449/632557440/	2021-01-27 09:47:16	2316	2409	4.0	339	392
7	7	厉雪	第7章 厉雪	https://www.qidian.com/chapter/1025901449/632625314/	2021-01-27 17:34:31	2540	2639	3.9	394	447
8	8	系统判定的好人	第8章 系统判定的好人	https://www.qidian.com/chapter/1025901449/632718862/	2021-01-28 10:50:47	2016	2108	4.6	449	496
9	9	他演的就跟亲身经历过一样	第9章 他演的就跟亲身经历过一样	https://www.qidian.com/chapter/1025901449/632719274/	2021-01-28 10:52:59	2269	2356	3.8	498	543
10	10	冰箱	第10章 冰箱	https://www.qidian.com/chapter/1025901449/632959661/	2021-01-29 12:00:18	2149	2229	3.7	545	590
11	11	既然打不过，那就加入“它们”好了	第11章 既然打不过，那就加入“它们”好了	https://www.qidian.com/chapter/1025901449/632959828/	2021-01-29 12:03:06	2269	2347	3.4	592	633
12	12	楼道里的人	第12章 楼道里的人	https://www.qidian.com/chapter/1025901449/633195979/	2021-01-30 11:58:34	2179	2283	4.8	635	691
13	13	第二个任务看电视	第13章 第二个任务看电视	https://www.qidian.com/chapter/1025901449/633200553/	2021-01-30 12:48:03	2114	2239	5.9	693	755
14	14	等级二	第14章 等级二	https://www.qidian.com/chapter/1025901449/633318286/	2021-01-31 12:14:18	2267	2380	5.0	757	816
15	15	是谁在治愈谁？	第15章 是谁在治愈谁？	https://www.qidian.com/chapter/1025901449/633399191/	2021-01-31 18:42:22	2030	2128	4.8	818	866
16	16	房东的戒指	第16章 房东的戒指	https://www.qidian.com/chapter/1025901449/633661664/	2021-02-01 12:06:32	2073	2169	4.6	868	919
17	17	要不要我来教你演反派？	第17章 要不要我来教你演反派？	https://www.qidian.com/chapter/1025901449/633728476/	2021-02-01 17:55:44	2455	2570	4.7	921	981
18	18	恶之花	第18章 恶之花（感谢萌萌哒露露的白银盟！）	https://www.qidian.com/chapter/1025901449/633843122/	2021-02-02 11:04:33	2117	2204	4.1	983	1027
19	19	我，勤勉努力，积极向上	第19章 我，勤勉努力，积极向上	https://www.qidian.com/chapter/1025901449/633925494/	2021-02-02 20:05:04	2073	2173	4.8	1029	1082
20	20	人在害怕时候的勇敢	第20章 人在害怕时候的勇敢（感谢幻羽的白银盟！）	https://www.qidian.com/chapter/1025901449/634024204/	2021-02-03 12:40:01	2253	2329	3.4	1084	1129
21	21	三兄弟	第21章 三兄弟	https://www.qidian.com/chapter/1025901449/634205816/	2021-02-03 21:22:48	2170	2265	4.4	1131	1181
22	22	这孩子非要来我们家玩	第22章 这孩子非要来我们家玩	https://www.qidian.com/chapter/1025901449/634315920/	2021-02-04 12:33:34	2070	2175	5.1	1183	1239
23	23	我的捉迷藏游戏	第23章 我的捉迷藏游戏	https://www.qidian.com/chapter/1025901449/634388311/	2021-02-04 18:27:09	3052	3199	4.8	1241	1321
24	24	假如生命只剩下24小时	第24章 假如生命只剩下24小时	https://www.qidian.com/chapter/1025901449/634495581/	2021-02-05 12:00:00	2120	2224	4.9	1323	1375
25	25	我就那么随口一说	第25章 我就那么随口一说	https://www.qidian.com/chapter/1025901449/634572616/	2021-02-05 17:57:35	2130	2239	5.1	1377	1435
26	26	专属能力捉迷藏	第26章 专属能力捉迷藏	https://www.qidian.com/chapter/1025901449/634673855/	2021-02-06 12:01:53	2130	2217	4.1	1437	1484
27	27	逐渐浮现的真相	第27章 逐渐浮现的真相	https://www.qidian.com/chapter/1025901449/634673976/	2021-02-06 18:00:00	2077	2149	3.5	1486	1522
28	28	公寓楼生存守则	第28章 公寓楼生存守则	https://www.qidian.com/chapter/1025901449/634808730/	2021-02-07 12:03:45	2056	2122	3.2	1524	1563
29	29	黎明前的通讯	第29章 黎明前的通讯	https://www.qidian.com/chapter/1025901449/634808801/	2021-02-07 18:00:00	2051	2125	3.6	1565	1612
30	30	黄赢	第30章 黄赢	https://www.qidian.com/chapter/1025901449/635205483/	2021-02-08 18:18:25	2611	2721	4.2	1614	1673
31	31	黑色的箱子	第31章 黑色的箱子	https://www.qidian.com/chapter/1025901449/635239927/	2021-02-08 22:51:29	2239	2303	2.9	1675	1709
32	32	怪谈里都是骗人的	第32章 怪谈里都是骗人的	https://www.qidian.com/chapter/1025901449/635322880/	2021-02-09 18:05:55	2271	2359	3.9	1711	1759
33	33	害怕得睡不着	第33章 害怕的睡不着（稍微有一丢丢吓人）	https://www.qidian.com/chapter/1025901449/635362836/	2021-02-09 23:11:17	2229	2333	4.7	1761	1815
34	34	拼图案	第34章 拼图案	https://www.qidian.com/chapter/1025901449/635412478/	2021-02-10 13:13:02	2111	2191	3.8	1817	1864
35	35	房东的遗产	第35章 房东的遗产	https://www.qidian.com/chapter/1025901449/635485071/	2021-02-10 23:12:55	2182	2278	4.4	1866	1917
36	36	相亲相爱一家人	第36章 相亲相爱一家人（新年快乐！）	https://www.qidian.com/chapter/1025901449/635522266/	2021-02-11 11:22:25	2233	2334	4.5	1919	1972
37	37	我找到了最后一块拼图	第37章 我找到了最后一块拼图	https://www.qidian.com/chapter/1025901449/635546388/	2021-02-11 17:04:17	2161	2275	5.3	1974	2032
38	38	没人知道她的名字	第38章 没人知道她的名字	https://www.qidian.com/chapter/1025901449/635607958/	2021-02-12 11:11:35	2269	2384	5.1	2034	2093
39	39	猎凶！	第39章 猎凶！	https://www.qidian.com/chapter/1025901449/635665934/	2021-02-12 23:17:23	2267	2378	4.9	2095	2154
40	40	不会破案的喜剧演员不是好玩家	第40章 不会破案的喜剧演员不是好玩家	https://www.qidian.com/chapter/1025901449/635698646/	2021-02-13 12:06:00	2169	2249	3.7	2156	2198
41	41	我会给它一个结局	第41章 我会给它一个结局	https://www.qidian.com/chapter/1025901449/635698756/	2021-02-13 18:00:00	2353	2441	3.7	2200	2247
42	42	你配做主角吗？	第42章 你配做主角吗？	https://www.qidian.com/chapter/1025901449/635747426/	2021-02-14 12:00:00	2042	2130	4.3	2249	2296
43	43	他的眼神太吓人了	第43章 他的眼神太吓人了	https://www.qidian.com/chapter/1025901449/635747502/	2021-02-14 18:00:00	2120	2194	3.5	2298	2336
44	44	魏有福的指引	第44章 魏有福的指引	https://www.qidian.com/chapter/1025901449/635956308/	2021-02-15 23:36:58	3133	3239	3.4	2338	2395
45	45	善意遇见善意	第45章 善意遇见善意	https://www.qidian.com/chapter/1025901449/636026766/	2021-02-16 19:28:06	2049	2114	3.2	2397	2431
46	46	五楼	第46章 五楼	https://www.qidian.com/chapter/1025901449/636054298/	2021-02-16 23:20:34	2057	2148	4.4	2433	2485
47	47	不要回头看	第47章 不要回头看	https://www.qidian.com/chapter/1025901449/636123102/	2021-02-17 18:25:30	2073	2172	4.8	2487	2540
48	48	韩非的礼物	第48章 韩非的礼物	https://www.qidian.com/chapter/1025901449/636161048/	2021-02-17 23:35:15	2109	2195	4.1	2542	2594
49	49	吃人的房间	第49章 吃人的房间	https://www.qidian.com/chapter/1025901449/636240251/	2021-02-18 19:37:34	2185	2274	4.1	2596	2649
50	50	请吃饭的漂亮姐姐？	第50章 请吃饭的漂亮姐姐？	https://www.qidian.com/chapter/1025901449/636240307/	2021-02-18 19:39:21	2072	2154	4.0	2651	2698
51	51	她已经算是比较正常的邻居了	第51章 她已经算是比较正常的邻居了	https://www.qidian.com/chapter/1025901449/636358803/	2021-02-19 17:01:48	2073	2169	4.6	2700	2753
52	52	等级四	第52章 等级四	https://www.qidian.com/chapter/1025901449/636359097/	2021-02-19 17:05:44	2191	2285	4.3	2755	2806
53	53	死者书写的名字	第53章 死者书写的名字	https://www.qidian.com/chapter/1025901449/636520358/	2021-02-20 19:31:07	2116	2202	4.1	2808	2854
54	54	伊甸之屋	第54章 伊甸之屋	https://www.qidian.com/chapter/1025901449/636520529/	2021-02-20 19:37:13	2202	2287	3.9	2856	2900
55	55	喜剧演员学习格斗不是很正常的一件事吗	第55章 喜剧演员学习格斗不是很正常的一件事吗	https://www.qidian.com/chapter/1025901449/636636841/	2021-02-21 18:21:09	2223	2291	3.1	2902	2939
56	56	最完美的主角	第56章 最完美的主角	https://www.qidian.com/chapter/1025901449/636636931/	2021-02-21 18:23:18	2270	2354	3.7	2941	2984
57	57	我来陪陪哭吧	第57章 我来陪陪哭吧	https://www.qidian.com/chapter/1025901449/636797598/	2021-02-22 19:17:59	2030	2096	3.3	2986	3023
58	58	三个关键的问题	第58章 三个关键的问题	https://www.qidian.com/chapter/1025901449/636829218/	2021-02-22 23:00:39	2134	2226	4.3	3025	3071
59	59	拾金不昧的良好品德	第59章 拾金不昧的良好品德	https://www.qidian.com/chapter/1025901449/636938852/	2021-02-23 17:03:39	2299	2407	4.7	3073	3132
60	60	飙升的友善度	第60章 飙升的友善度	https://www.qidian.com/chapter/1025901449/636989713/	2021-02-23 23:09:50	2217	2299	3.7	3134	3183
61	61	你是不是有病？	第61章 你是不是有病？	https://www.qidian.com/chapter/1025901449/637123307/	2021-02-24 20:54:19	2111	2198	4.1	3185	3235
62	62	推心置腹，肝胆相照，两肋插刀	第62章 推心置腹，肝胆相照，两肋插刀	https://www.qidian.com/chapter/1025901449/637123363/	2021-02-24 20:56:07	2722	2813	3.3	3237	3295
63	63	天堂电影院工作证	第63章 天堂电影院工作证	https://www.qidian.com/chapter/1025901449/637297658/	2021-02-25 22:17:36	2097	2180	4.0	3297	3344
64	64	我希望你做的第一件事	第64章我希望你做的第一件事	https://www.qidian.com/chapter/1025901449/637297729/	2021-02-25 22:18:08	2794	2924	4.7	3346	3419
65	65	头颅中的另一个我	第65章 头颅中的另一个我	https://www.qidian.com/chapter/1025901449/637582158/	2021-02-26 19:25:43	2250	2347	4.3	3421	3474
66	66	地下冰库	第66章 地下冰库	https://www.qidian.com/chapter/1025901449/637640033/	2021-02-26 22:49:36	2081	2187	5.1	3476	3531
67	67	照片	第67章 照片	https://www.qidian.com/chapter/1025901449/637864299/	2021-02-27 22:34:26	2115	2210	4.5	3533	3582
68	68	纯粹的恶	第68章 纯粹的恶	https://www.qidian.com/chapter/1025901449/637864383/	2021-02-27 22:34:52	2562	2660	3.8	3584	3633
69	69	失常的亲人们	第69章 失常的亲人们	https://www.qidian.com/chapter/1025901449/638078211/	2021-02-28 22:54:59	2300	2408	4.7	3635	3690
70	70	最不幸的人才会拥有黑盒	第70章 最不幸的人才会拥有黑盒	https://www.qidian.com/chapter/1025901449/638079594/	2021-02-28 23:07:11	2032	2090	2.9	3692	3725
71	71	生命中的最后一次	第71章 生命中的最后一次	https://www.qidian.com/chapter/1025901449/638323468/	2021-03-01 21:52:11	2106	2197	4.3	3727	3774
72	72	独幕	第72章 独幕	https://www.qidian.com/chapter/1025901449/638323629/	2021-03-01 21:58:08	2056	2152	4.7	3776	3829
73	73	他成为主角的理由	第73章 他成为主角的理由	https://www.qidian.com/chapter/1025901449/638374668/	2021-03-02 11:43:48	2211	2297	3.9	3831	3879
74	74	第一个F级任务	第74章 第一个F级任务	https://www.qidian.com/chapter/1025901449/638462709/	2021-03-02 21:16:39	2163	2246	3.8	3881	3930
75	75	一位很能打的喜剧演员路过	第75章 一位很能打的喜剧演员路过	https://www.qidian.com/chapter/1025901449/638543171/	2021-03-03 12:42:14	2227	2326	4.4	3932	3987
76	76	镜神的游戏	第76章 镜神的游戏	https://www.qidian.com/chapter/1025901449/638616210/	2021-03-03 18:09:21	2085	2186	4.8	3989	4041
77	77	你哭它也哭，你笑它也笑	第77章 你哭它也哭，你笑它也笑	https://www.qidian.com/chapter/1025901449/638727147/	2021-03-04 12:06:38	2252	2367	5.1	4043	4102
78	78	男主韩非！	第78章 男主韩非！	https://www.qidian.com/chapter/1025901449/638755814/	2021-03-04 18:00:00	2223	2345	5.5	4104	4168
79	79	分饰两角	第79章 分饰两角	https://www.qidian.com/chapter/1025901449/638885427/	2021-03-05 12:09:58	2030	2116	4.2	4170	4215
80	80	第一位活人粉丝	第80章 第一位活人粉丝	https://www.qidian.com/chapter/1025901449/638887584/	2021-03-05 18:00:00	2109	2199	4.3	4217	4262
81	81	梦想实现的猝不及防	第81章 梦想实现的猝不及防	https://www.qidian.com/chapter/1025901449/639514319/	2021-03-06 12:00:00	2103	2215	5.3	4264	4323
82	82	清空六楼	第82章 清空六楼	https://www.qidian.com/chapter/1025901449/639514471/	2021-03-06 18:00:00	2140	2229	4.2	4325	4375
83	83	八楼	第83章 八楼	https://www.qidian.com/chapter/1025901449/639644173/	2021-03-07 12:00:00	2061	2176	5.6	4377	4440
84	84	瞳屋	第84章 瞳屋	https://www.qidian.com/chapter/1025901449/639644224/	2021-03-07 18:00:00	2016	2132	5.8	4442	4503
85	85	它正在看着我	第85章 它正在看着我	https://www.qidian.com/chapter/1025901449/639766563/	2021-03-08 12:00:00	2043	2144	4.9	4505	4558
86	86	恨意编织的房间	第86章 恨意编织的房间	https://www.qidian.com/chapter/1025901449/639766626/	2021-03-08 18:00:00	2099	2194	4.5	4560	4611
87	87	我不可以住进你的眼睛	第87章 我不可以住进你的眼睛	https://www.qidian.com/chapter/1025901449/639952319/	2021-03-09 12:00:00	2037	2136	4.9	4613	4664
88	88	生日礼物	第88章 生日礼物	https://www.qidian.com/chapter/1025901449/639952383/	2021-03-09 18:00:00	2135	2227	4.3	4666	4719
89	89	拍戏是业余爱好，主业是见义勇为	第89章 拍戏是业余爱好，主业是见义勇为	https://www.qidian.com/chapter/1025901449/640071889/	2021-03-10 12:00:00	2155	2249	4.4	4721	4772
90	90	去九楼的人很多，但他们全都没有再回来	第90章 去九楼的人很多，但他们全都没有再回来	https://www.qidian.com/chapter/1025901449/640072075/	2021-03-10 18:00:00	2126	2220	4.4	4774	4823
91	91	楼长	第91章 楼长	https://www.qidian.com/chapter/1025901449/640222035/	2021-03-11 12:00:00	2135	2226	4.3	4825	4877
92	92	十死无生的轮回	第92章 十死无生的轮回	https://www.qidian.com/chapter/1025901449/640222067/	2021-03-11 18:00:00	2066	2168	4.9	4879	4940
93	93	管理者是谁？	第93章 管理者是谁？	https://www.qidian.com/chapter/1025901449/640363809/	2021-03-12 12:00:00	2077	2177	4.8	4942	5000
94	94	危险游戏	第94章 危险游戏	https://www.qidian.com/chapter/1025901449/640363859/	2021-03-12 18:00:00	2287	2399	4.9	5002	5062
95	95	你接着嘻嘻啊！	第95章 你接着嘻嘻啊！	https://www.qidian.com/chapter/1025901449/640685390/	2021-03-13 12:00:00	2041	2147	5.2	5064	5120
96	96	通关的唯一方法	第96章 通关的唯一方法	https://www.qidian.com/chapter/1025901449/640685508/	2021-03-13 18:00:00	2707	2864	5.8	5122	5205
97	97	F级天赋招魂！	第97章 F级天赋招魂！	https://www.qidian.com/chapter/1025901449/640685669/	2021-03-14 12:00:00	2188	2266	3.6	5207	5253
98	98	十楼	第98章 十楼	https://www.qidian.com/chapter/1025901449/640685841/	2021-03-14 18:00:00	2035	2117	4.0	5255	5301
99	99	小八	第99章 小八	https://www.qidian.com/chapter/1025901449/640929308/	2021-03-15 11:46:51	2143	2238	4.4	5303	5351
100	100	这个世界的家人	第100章 这个世界的家人	https://www.qidian.com/chapter/1025901449/640929346/	2021-03-15 18:00:00	2238	2334	4.3	5353	5406
101	101	你我有一段“阴”缘	第101章 你我有一段“阴”缘	https://www.qidian.com/chapter/1025901449/640929541/	2021-03-16 12:00:00	2038	2111	3.6	5408	5455
102	102	以这种方式上热搜的演员，你是第一个	第102章 以这种方式上热搜的演员，你是第一个	https://www.qidian.com/chapter/1025901449/640929627/	2021-03-16 18:00:00	2077	2165	4.2	5457	5504
103	103	体力为十的男人	第103章 体力为十的男人	https://www.qidian.com/chapter/1025901449/641281958/	2021-03-17 12:00:00	2792	2919	4.5	5506	5573
104	104	招魂！	第104章 招魂！	https://www.qidian.com/chapter/1025901449/641281978/	2021-03-17 18:00:00	2224	2337	5.1	5575	5634
105	105	满脸疑惑的黄赢	第105章 满脸疑惑的黄赢	https://www.qidian.com/chapter/1025901449/641432300/	2021-03-18 11:55:33	2067	2165	4.7	5636	5698
106	106	没有玩过的阴间版本	第106章 没有玩过的阴间版本	https://www.qidian.com/chapter/1025901449/641432358/	2021-03-18 12:00:33	2055	2178	6.0	5700	5766
107	107	当事人已经忘记挣扎	第107章 当事人已经忘记挣扎（第一更）	https://www.qidian.com/chapter/1025901449/641586215/	2021-03-19 12:01:36	2088	2190	4.9	5768	5823
108	108	夜游神！	第108章 夜游神!（第二更）	https://www.qidian.com/chapter/1025901449/641586277/	2021-03-19 12:02:10	2149	2254	4.9	5825	5880
109	109	徐琴身上的诅咒	第109章 徐琴身上的诅咒（第三更）	https://www.qidian.com/chapter/1025901449/641586339/	2021-03-19 12:02:37	2081	2186	5.0	5882	5937
110	110	流下了被治愈的泪水	第110章 流下了被治愈的泪水（第四更求月票）	https://www.qidian.com/chapter/1025901449/641586397/	2021-03-19 12:03:48	2090	2173	4.0	5939	5986
111	111	房东的日记	第111章 房东的日记（第五更求月票）	https://www.qidian.com/chapter/1025901449/641586476/	2021-03-19 12:04:21	2053	2134	3.9	5988	6033
112	112	救了狗仔队的演员	第112章 救了狗仔队的演员（第六更求月票）	https://www.qidian.com/chapter/1025901449/641586505/	2021-03-19 12:05:16	2006	2094	4.4	6035	6086
113	113	曲文侯	第113章 曲文侯（第七更求月票）	https://www.qidian.com/chapter/1025901449/641586598/	2021-03-19 12:05:52	2098	2202	5.0	6088	6141
114	114	现在轮到我们来帮你了	第114章 现在轮到我们来帮你了（第八更求月票）	https://www.qidian.com/chapter/1025901449/641586634/	2021-03-19 12:06:26	2235	2318	3.7	6143	6188
115	115	最恐怖的怨念！	第115章 最恐怖的怨念！（第九更求月票）	https://www.qidian.com/chapter/1025901449/641586675/	2021-03-19 12:08:44	2464	2568	4.2	6190	6245
116	116	幸福小区业主委员会	第116章 幸福小区业主委员会（第十更求月票）	https://www.qidian.com/chapter/1025901449/641595250/	2021-03-19 14:09:31	2105	2185	3.8	6247	6289
117	117	那个学校的孩子需要被拯救	第117章 那个学校的孩子需要被拯救	https://www.qidian.com/chapter/1025901449/641758531/	2021-03-20 11:28:13	3078	3205	4.1	6291	6360
118	118	我技术过硬，你八字过硬，我们很配	第118章 我技术过硬，你八字过硬，我们很配	https://www.qidian.com/chapter/1025901449/641793602/	2021-03-20 18:27:34	3300	3437	4.2	6362	6432
119	119	十字路口的一百种死法	第119章 十字路口的一百种死法	https://www.qidian.com/chapter/1025901449/641879696/	2021-03-21 12:38:58	3412	3563	4.4	6434	6516
120	120	敲碗，撒米，烧照片	第120章 敲碗，撒米，烧照片	https://www.qidian.com/chapter/1025901449/641916129/	2021-03-21 19:07:27	3048	3206	5.2	6518	6601
121	121	需要我来送你回家吗？	第121章 需要我来送你回家吗？	https://www.qidian.com/chapter/1025901449/641994489/	2021-03-22 12:30:08	2209	2326	5.3	6603	6662
122	122	深夜便利店	第122章 深夜便利店	https://www.qidian.com/chapter/1025901449/642045757/	2021-03-22 19:18:03	3251	3409	4.9	6664	6744
123	123	如果我说我是来应聘的，你信吗？	第123章 如果我说我是来应聘的，你信吗？	https://www.qidian.com/chapter/1025901449/642206129/	2021-03-23 13:22:25	2062	2158	4.7	6746	6798
124	124	第一份工作	第124章 第一份工作	https://www.qidian.com/chapter/1025901449/642260628/	2021-03-23 19:04:09	3127	3253	4.0	6800	6865
125	125	打工是不可能打工的	第125章 打工是不可能打工的	https://www.qidian.com/chapter/1025901449/642374772/	2021-03-24 13:04:55	2415	2507	3.8	6867	6916
126	126	能拥有我这样的员工是老板的福报	第126章 能拥有我这样的员工是老板的福报	https://www.qidian.com/chapter/1025901449/642422917/	2021-03-24 19:44:17	3095	3231	4.4	6918	6993
127	127	我就一个临时工	第127章 我就一个临时工	https://www.qidian.com/chapter/1025901449/642506047/	2021-03-25 13:36:57	3329	3472	4.3	6995	7071
128	128	狂人！	第128章 狂人！	https://www.qidian.com/chapter/1025901449/642552714/	2021-03-25 18:57:07	2850	2970	4.2	7073	7134
129	129	楼长回来了！	第129章楼长回来了！	https://www.qidian.com/chapter/1025901449/642640320/	2021-03-26 11:47:39	2808	2964	5.6	7136	7217
130	130	F级诅咒物纸人	第130章 F级诅咒物纸人	https://www.qidian.com/chapter/1025901449/642679485/	2021-03-26 18:00:00	2528	2624	3.8	7219	7271
131	131	和谐的同事关系	第131章和谐的同事关系	https://www.qidian.com/chapter/1025901449/642844609/	2021-03-27 13:04:25	2670	2798	4.8	7273	7340
132	132	死亡的预兆	第132章 死亡的预兆	https://www.qidian.com/chapter/1025901449/642902683/	2021-03-27 22:38:17	2228	2310	3.7	7342	7387
133	133	他讲的所有怪谈全部出现了	第133章他讲的所有怪谈全部出现了	https://www.qidian.com/chapter/1025901449/642963662/	2021-03-28 15:07:51	2238	2327	4.0	7389	7435
134	134	我想当校长	第134章我想当校长	https://www.qidian.com/chapter/1025901449/643028036/	2021-03-28 20:26:57	2734	2876	5.2	7437	7510
135	135	李灾祸	第135章 李灾祸	https://www.qidian.com/chapter/1025901449/643283651/	2021-03-29 15:59:25	2745	2849	3.8	7512	7566
136	136	午夜旅馆	第136章 午夜旅馆	https://www.qidian.com/chapter/1025901449/643336429/	2021-03-29 22:27:32	2350	2473	5.2	7568	7638
137	137	作业写完了吗？	第137章 作业写完了吗？	https://www.qidian.com/chapter/1025901449/643389237/	2021-03-30 12:58:55	2321	2394	3.1	7640	7694
138	138	哪有什么隔夜仇？	第138章 哪有什么隔夜仇？	https://www.qidian.com/chapter/1025901449/643436759/	2021-03-30 18:21:59	3241	3388	4.5	7696	7779
139	139	尸体上的电话线	第139章 尸体上的电话线	https://www.qidian.com/chapter/1025901449/643569780/	2021-03-31 18:37:33	2803	2937	4.8	7781	7857
140	140	思念化为了诅咒	第140章 思念化为了诅咒	https://www.qidian.com/chapter/1025901449/643610119/	2021-03-31 23:20:43	2510	2624	4.5	7859	7920
141	141	八级	第141章 八级	https://www.qidian.com/chapter/1025901449/643682707/	2021-04-01 12:43:08	2085	2177	4.4	7922	7969
142	142	人生的转折点	第142章 人生的转折点	https://www.qidian.com/chapter/1025901449/643770500/	2021-04-01 19:34:31	2232	2331	4.4	7971	8024
143	143	那是碎开囚笼的声音！	第143章 那是碎开囚笼的声音！（求月票）	https://www.qidian.com/chapter/1025901449/643820832/	2021-04-01 23:56:22	2153	2245	4.3	8026	8074
144	144	我是一个善良且有原则的人	第144章 我是一个善良且有原则的人	https://www.qidian.com/chapter/1025901449/643903493/	2021-04-02 11:51:16	2236	2324	3.9	8076	8121
145	145	登榜	第145章 登榜	https://www.qidian.com/chapter/1025901449/643985286/	2021-04-02 18:24:47	2288	2388	4.4	8123	8174
146	146	我能把她家地暖直接接到地府	第146章 我能把她家地暖直接接到地府（求月票）	https://www.qidian.com/chapter/1025901449/644072126/	2021-04-02 23:53:24	3259	3402	4.4	8176	8253
147	147	楼内的歌声	第147章 楼内的歌声	https://www.qidian.com/chapter/1025901449/644167587/	2021-04-03 14:58:43	2261	2366	4.6	8255	8312
148	148	开启学校地图	第148章 开启学校地图	https://www.qidian.com/chapter/1025901449/644209943/	2021-04-03 20:42:23	2407	2511	4.3	8314	8372
149	149	不要吃别人给的东西	第149章 不要吃别人给的东西（求月票）	https://www.qidian.com/chapter/1025901449/644235816/	2021-04-03 23:14:06	2103	2211	5.1	8374	8430
150	150	三个小孩	第150章 三个小孩	https://www.qidian.com/chapter/1025901449/644334932/	2021-04-04 16:12:46	2208	2290	3.7	8432	8479
151	151	小朋友的东西你也抢？	第151章 小朋友的东西你也抢？	https://www.qidian.com/chapter/1025901449/644393132/	2021-04-04 23:11:14	2886	3044	5.5	8481	8564
152	152	人为营造出的怪谈事件	第152章 人为营造出的怪谈事件	https://www.qidian.com/chapter/1025901449/644499031/	2021-04-05 17:05:20	2238	2360	5.5	8566	8630
153	153	韩非和警方的默契	第153章 韩非和警方的默契	https://www.qidian.com/chapter/1025901449/644546981/	2021-04-05 23:02:41	2870	2984	4.0	8632	8692
154	154	罐子里装着什么？	第154章 罐子里装着什么？	https://www.qidian.com/chapter/1025901449/644670228/	2021-04-06 17:34:23	2674	2804	4.9	8694	8761
155	155	金生的学院怪谈	第155章 金生的学院怪谈	https://www.qidian.com/chapter/1025901449/644710418/	2021-04-06 21:27:46	2434	2548	4.7	8763	8828
156	156	G级诅咒物许愿罐	第156章 G级诅咒物许愿罐	https://www.qidian.com/chapter/1025901449/644844469/	2021-04-07 12:02:06	2062	2172	5.3	8830	8886
157	157	午夜的敲门声	第157章 午夜的敲门声	https://www.qidian.com/chapter/1025901449/644977442/	2021-04-07 21:38:01	2298	2399	4.4	8888	8949
158	158	是谁把她变成了怪物	第158章 是谁把她变成了怪物	https://www.qidian.com/chapter/1025901449/645086191/	2021-04-08 12:26:07	2791	2934	5.1	8951	9026
159	159	屋内屋外全都是	第159章 屋内屋外全都是	https://www.qidian.com/chapter/1025901449/645252282/	2021-04-08 18:49:14	2763	2906	5.2	9028	9106
160	160	上映当天	第160章 上映当天	https://www.qidian.com/chapter/1025901449/645453389/	2021-04-09 12:04:03	2257	2373	5.1	9108	9172
161	161	创造历史的新人！	第161章 创造历史的新人！	https://www.qidian.com/chapter/1025901449/645601549/	2021-04-09 22:14:49	3101	3233	4.3	9174	9246
162	162	所谓记录不就是用来打破的吗？	第162章 所谓记录不就是用来打破的吗？	https://www.qidian.com/chapter/1025901449/645693587/	2021-04-10 12:13:56	2414	2520	4.4	9248	9304
163	163	第三个夜晚	第163章 第三个夜晚	https://www.qidian.com/chapter/1025901449/645742882/	2021-04-10 19:09:24	2434	2544	4.5	9306	9362
164	164	背对人	第164章 背对人	https://www.qidian.com/chapter/1025901449/645861798/	2021-04-11 13:32:51	2558	2690	5.2	9364	9432
165	165	背对着你的脸	第165章 背对着你的脸	https://www.qidian.com/chapter/1025901449/645914864/	2021-04-11 20:43:31	2497	2623	5.0	9434	9501
166	166	全力以赴	第166章 全力以赴	https://www.qidian.com/chapter/1025901449/646046247/	2021-04-12 16:27:34	2094	2202	5.2	9503	9558
167	167	我救人的方式有些粗暴	第167章 我救人的方式有些粗暴	https://www.qidian.com/chapter/1025901449/646071449/	2021-04-12 18:31:57	2046	2149	5.0	9560	9616
168	168	一脉相传的教育理念	第168章 一脉相传的教育理念	https://www.qidian.com/chapter/1025901449/646160445/	2021-04-13 12:10:47	2401	2495	3.9	9618	9669
169	169	名师一对一辅导	第169章 名师一对一辅导	https://www.qidian.com/chapter/1025901449/646212202/	2021-04-13 18:24:13	2158	2251	4.3	9671	9719
170	170	傅生和死楼	第170章 傅生和死楼	https://www.qidian.com/chapter/1025901449/646490602/	2021-04-14 19:41:16	3094	3238	4.7	9721	9794
171	171	隐藏职业	第171章 隐藏职业（第一更）	https://www.qidian.com/chapter/1025901449/646830483/	2021-04-15 13:08:11	2093	2153	2.9	9796	9828
172	172	逃出寝室楼	第172章 逃出寝室楼（第二更）	https://www.qidian.com/chapter/1025901449/646915257/	2021-04-15 18:13:40	2222	2351	5.8	9830	9901
173	173	录像带	第173章 录像带（第三更）	https://www.qidian.com/chapter/1025901449/646951138/	2021-04-15 21:21:05	2252	2382	5.8	9903	9971
174	174	你觉不觉得身上有点重？	第174章 你觉不觉得身上有点重？	https://www.qidian.com/chapter/1025901449/647035993/	2021-04-16 12:13:52	2610	2755	5.6	9973	10048
175	175	老李是个好人	第175章 老李是个好人	https://www.qidian.com/chapter/1025901449/647517818/	2021-04-16 21:30:22	2119	2221	4.8	10050	10103
176	176	看见噩梦	第176章 看见噩梦	https://www.qidian.com/chapter/1025901449/647804587/	2021-04-17 18:07:51	2147	2262	5.4	10105	10165
177	177	这都不是一个级别的	第177章 这都不是一个级别的	https://www.qidian.com/chapter/1025901449/647815127/	2021-04-17 20:13:02	3467	3677	6.1	10167	10274
178	178	畜牲巷，屠夫之家	第178章 畜牲巷，屠夫之家	https://www.qidian.com/chapter/1025901449/647881660/	2021-04-18 12:30:16	2032	2144	5.5	10276	10332
179	179	导演，我们什么时候上场？	第179章 导演，我们什么时候上场？	https://www.qidian.com/chapter/1025901449/647912430/	2021-04-18 18:59:21	2268	2380	4.9	10334	10393
180	180	F级管理者任务——巡查教师	第一百八十章 F级管理者任务——巡查教师	https://www.qidian.com/chapter/1025901449/648165987/	2021-04-19 18:49:14	2208	2312	4.7	10395	10451
181	181	金生眼中的世界	第181章 金生眼中的世界	https://www.qidian.com/chapter/1025901449/648166194/	2021-04-19 18:57:56	2181	2313	6.1	10453	10521
182	182	和绝望赛跑	第182章 和绝望赛跑	https://www.qidian.com/chapter/1025901449/648247517/	2021-04-20 11:45:23	2218	2318	4.5	10523	10574
183	183	我最擅长的游戏就是捉迷藏	第183章 我最擅长的游戏就是捉迷藏	https://www.qidian.com/chapter/1025901449/648269996/	2021-04-20 18:00:00	2099	2219	5.7	10576	10638
184	184	校长办公室	第184章 校长办公室	https://www.qidian.com/chapter/1025901449/648444581/	2021-04-21 12:38:33	2410	2551	5.9	10640	10713
185	185	你怎么变成这个样子了？	第185章 你怎么变成这个样子了？	https://www.qidian.com/chapter/1025901449/648526920/	2021-04-21 20:43:30	2055	2167	5.5	10715	10772
186	186	杀死马满江	第186章 杀死马满江	https://www.qidian.com/chapter/1025901449/648598271/	2021-04-22 12:13:54	2105	2203	4.7	10774	10825
187	187	宿管什么时候疯的？	第187章 宿管什么时候疯的？	https://www.qidian.com/chapter/1025901449/648694306/	2021-04-22 21:22:44	2133	2251	5.5	10827	10888
188	188	死亡只是开始	第188章 死亡只是开始	https://www.qidian.com/chapter/1025901449/648758316/	2021-04-23 12:44:01	2100	2204	5.0	10890	10950
189	189	15次重生	第189章 15次重生（三万均订了~）	https://www.qidian.com/chapter/1025901449/648844033/	2021-04-23 19:19:49	2610	2724	4.4	10952	11013
190	190	对决	第190章 对决	https://www.qidian.com/chapter/1025901449/648926531/	2021-04-24 13:12:10	2099	2207	5.1	11015	11073
191	191	金生！今生！	第191章 金生！今生！（4000）	https://www.qidian.com/chapter/1025901449/648964738/	2021-04-24 20:01:48	4235	4446	5.0	11075	11184
192	192	唯一赢过蝴蝶的男人	第192章 唯一赢过蝴蝶的男人	https://www.qidian.com/chapter/1025901449/649037392/	2021-04-25 12:41:36	2134	2226	4.3	11186	11235
193	193	这已经超出了一个休闲玩家的认知	第193章 这已经超出了一个休闲玩家的认知	https://www.qidian.com/chapter/1025901449/649037494/	2021-04-25 18:00:00	2057	2151	4.6	11237	11284
194	194	我可不能白死那么多次	第194章 我可不能白死那么多次	https://www.qidian.com/chapter/1025901449/649170590/	2021-04-26 12:00:00	2263	2372	4.8	11286	11342
195	195	有仇报仇，有怨报怨	第195章 有仇报仇，有怨报怨	https://www.qidian.com/chapter/1025901449/649233627/	2021-04-26 18:00:00	2395	2499	4.3	11344	11399
196	196	我想回家	第196章 我想回家	https://www.qidian.com/chapter/1025901449/649263844/	2021-04-27 12:00:00	2217	2326	4.9	11401	11459
197	197	黄赢的视频	第197章 黄赢的视频	https://www.qidian.com/chapter/1025901449/649397586/	2021-04-27 17:48:09	2059	2175	5.6	11461	11521
198	198	凌晨三点三十	第198章 凌晨三点三十	https://www.qidian.com/chapter/1025901449/649542948/	2021-04-28 12:00:00	2350	2464	4.9	11523	11585
199	199	层层恐惧	第199章 层层恐惧	https://www.qidian.com/chapter/1025901449/649543011/	2021-04-28 18:00:00	2076	2180	5.0	11587	11641
200	200	勒住死神的脖颈	第200章 勒住死神的脖颈	https://www.qidian.com/chapter/1025901449/649566417/	2021-04-29 12:00:00	2077	2193	5.6	11643	11703
201	201	喜剧演员和亡命徒	第201章 喜剧演员和亡命徒	https://www.qidian.com/chapter/1025901449/649605891/	2021-04-29 18:00:00	2021	2113	4.6	11705	11754
202	202	人生中的第一位朋友	第202章 人生中的第一位朋友	https://www.qidian.com/chapter/1025901449/649647170/	2021-04-30 12:00:00	2173	2253	3.7	11756	11797
203	203	不能让见义勇为的人寒心	第203章 不能让见义勇为的人寒心	https://www.qidian.com/chapter/1025901449/649688112/	2021-04-30 18:00:00	2429	2549	4.9	11799	11859
204	204	阴间更新时间	第204章 阴间更新时间（双倍了，求下月票）	https://www.qidian.com/chapter/1025901449/649952872/	2021-05-01 00:12:48	2338	2443	4.5	11861	11915
205	205	我们再晚来几天，他估计就混成校长了	第205章 我们再晚来几天，他估计就混成校长了	https://www.qidian.com/chapter/1025901449/650029465/	2021-05-01 19:35:14	3103	3252	4.8	11917	11994
206	206	十级！	第206章 十级！（求月票）	https://www.qidian.com/chapter/1025901449/650059242/	2021-05-01 23:45:50	2820	2942	4.3	11996	12060
207	207	治愈系游戏里的职业	第207章 治愈系游戏里的职业	https://www.qidian.com/chapter/1025901449/650101350/	2021-05-02 12:41:18	2090	2186	4.6	12062	12109
208	208	悬疑小说家	第208章 悬疑小说家	https://www.qidian.com/chapter/1025901449/650132411/	2021-05-02 19:49:51	3124	3272	4.7	12111	12186
209	209	天黑后不能谈论的内容	第209章 天黑后不能谈论的内容（三更求月票）	https://www.qidian.com/chapter/1025901449/650156321/	2021-05-02 23:23:18	3109	3237	4.1	12188	12254
210	210	蜘蛛和蝴蝶	第210章 蜘蛛和蝴蝶	https://www.qidian.com/chapter/1025901449/650223861/	2021-05-03 17:17:39	2444	2550	4.3	12256	12307
211	211	开始你的表演	第211章 开始你的表演	https://www.qidian.com/chapter/1025901449/650253020/	2021-05-03 22:34:52	2633	2723	3.4	12309	12359
212	212	他的演技仿佛一把开刃的刀	第212章 他的演技仿佛一把开刃的刀	https://www.qidian.com/chapter/1025901449/650304256/	2021-05-04 13:06:14	3009	3119	3.7	12361	12419
213	213	黄哥，你不愧是赢过蝴蝶的男人	第213章 黄哥，你不愧是赢过蝴蝶的男人	https://www.qidian.com/chapter/1025901449/650332879/	2021-05-04 19:30:35	3097	3241	4.6	12421	12495
214	214	最佳拍档	第214章 最佳拍档（三更求月票）	https://www.qidian.com/chapter/1025901449/650348892/	2021-05-04 22:14:55	2097	2169	3.4	12497	12535
215	215	请神容易	第215章 请神容易	https://www.qidian.com/chapter/1025901449/650402380/	2021-05-05 13:46:20	3060	3173	3.7	12537	12605
216	216	送神难	第216章 送神难	https://www.qidian.com/chapter/1025901449/650428617/	2021-05-05 19:57:16	3081	3207	4.1	12607	12674
217	217	哭的突破	第217章 哭的突破（第三更）	https://www.qidian.com/chapter/1025901449/650448857/	2021-05-05 23:07:11	2239	2337	4.4	12676	12727
218	218	饺子馆	第218章 饺子馆	https://www.qidian.com/chapter/1025901449/650503516/	2021-05-06 13:50:19	2053	2139	4.2	12729	12773
219	219	我手里这个小盒子就是你最后的家	第219章 我手里这个小盒子就是你最后的家	https://www.qidian.com/chapter/1025901449/650536479/	2021-05-06 19:38:32	2455	2586	5.3	12775	12842
220	220	哪有这么真挚的邻居关系？	第220章 哪有这么真挚的邻居关系？	https://www.qidian.com/chapter/1025901449/650618074/	2021-05-07 12:35:49	3051	3200	4.9	12844	12921
221	221	有一种畜牲长得像人	第221章 有一种畜牲长得像人	https://www.qidian.com/chapter/1025901449/650659503/	2021-05-07 18:23:42	2624	2752	4.9	12923	12988
222	222	肉！肉！肉！	第222章 肉！肉！肉！（三更求月票）	https://www.qidian.com/chapter/1025901449/650689007/	2021-05-07 23:09:28	3238	3408	5.3	12990	13078
223	223	剧组里怪事频发	第223章 剧组里怪事频发	https://www.qidian.com/chapter/1025901449/650764730/	2021-05-08 16:28:03	2227	2335	4.8	13080	13136
224	224	特技演员都不敢轻易尝试的动作	第224章 特技演员都不敢轻易尝试的动作	https://www.qidian.com/chapter/1025901449/650827310/	2021-05-08 19:52:20	3637	3803	4.6	13138	13226
225	225	我幸运值为九	第225章 我幸运值为九（三更）	https://www.qidian.com/chapter/1025901449/650884400/	2021-05-08 23:08:35	2254	2364	4.9	13228	13286
226	226	屠夫的刀	第226章 屠夫的刀	https://www.qidian.com/chapter/1025901449/650990773/	2021-05-09 18:13:36	2713	2871	5.8	13288	13367
227	227	屠夫的选择	第227章 屠夫的选择	https://www.qidian.com/chapter/1025901449/651012379/	2021-05-09 22:12:31	2259	2379	5.3	13369	13431
228	228	走向屠夫的第一步	第228章 走向屠夫的第一步	https://www.qidian.com/chapter/1025901449/651107625/	2021-05-10 17:47:05	2846	2985	4.9	13433	13504
229	229	血雾中相遇	第229章 血雾中相遇	https://www.qidian.com/chapter/1025901449/651161019/	2021-05-10 22:47:40	2048	2150	5.0	13506	13558
230	230	我愿意和你一起变成他们口中的怪物	第230章 我愿意和你一起变成他们口中的怪物	https://www.qidian.com/chapter/1025901449/651219619/	2021-05-11 12:57:30	3204	3376	5.4	13560	13647
231	231	丧门	第231章 丧门	https://www.qidian.com/chapter/1025901449/651292245/	2021-05-11 18:52:04	2345	2465	5.1	13649	13711
232	232	肉联厂	第232章 肉联厂	https://www.qidian.com/chapter/1025901449/651383434/	2021-05-12 13:31:34	3327	3487	4.8	13713	13793
233	233	灵魂的重量	第233章 灵魂的重量	https://www.qidian.com/chapter/1025901449/651430121/	2021-05-12 18:23:57	2422	2550	5.3	13795	13860
234	234	肉联厂的管理者	第234章 肉联厂的管理者	https://www.qidian.com/chapter/1025901449/651461043/	2021-05-12 22:34:00	2547	2678	5.1	13862	13929
235	235	爬上人性的天平	第235章 爬上人性的天平	https://www.qidian.com/chapter/1025901449/651531793/	2021-05-13 13:56:25	2220	2340	5.4	13931	13992
236	236	韩非的屠刀	第236章 韩非的屠刀	https://www.qidian.com/chapter/1025901449/651568626/	2021-05-13 18:39:50	3101	3264	5.3	13994	14077
237	237	午夜屠夫	第237章 午夜屠夫	https://www.qidian.com/chapter/1025901449/651663983/	2021-05-14 13:58:13	2054	2164	5.4	14079	14135
238	238	我能升到十一级就是个奇迹	第238章 我能升到十一级就是个奇迹	https://www.qidian.com/chapter/1025901449/651731376/	2021-05-14 19:43:34	2250	2357	4.8	14137	14191
239	239	我什么都没做，友善度却一直在增加	第239章 我什么都没做，友善度却一直在增加	https://www.qidian.com/chapter/1025901449/651838101/	2021-05-15 21:42:55	2482	2585	4.1	14193	14246
240	240	徐琴杀了八号？	第240章 徐琴杀了八号？	https://www.qidian.com/chapter/1025901449/651888068/	2021-05-16 11:06:38	2215	2317	4.6	14248	14300
241	241	梦中飞出的蝴蝶	第241章 梦中飞出的蝴蝶	https://www.qidian.com/chapter/1025901449/651926968/	2021-05-16 19:36:24	2022	2116	4.6	14302	14350
242	242	未命名的希望	第242章 未命名的希望	https://www.qidian.com/chapter/1025901449/651928133/	2021-05-16 19:52:27	2218	2321	4.6	14352	14405
243	243	你让我砍一刀不就知道了？	第243章 你让我砍一刀不就知道了？	https://www.qidian.com/chapter/1025901449/651997298/	2021-05-17 12:20:14	2661	2760	3.7	14407	14458
244	244	职场杀手	第244章 职场杀手	https://www.qidian.com/chapter/1025901449/652038558/	2021-05-17 16:16:43	2822	2943	4.3	14460	14524
245	245	我在剧中饰演他的父亲	第245章 我在剧中饰演他的父亲	https://www.qidian.com/chapter/1025901449/652198501/	2021-05-18 16:17:08	2652	2788	5.1	14526	14594
246	246	那东西越来越近了	第246章 那东西越来越近了	https://www.qidian.com/chapter/1025901449/652235943/	2021-05-18 19:20:37	2079	2159	3.8	14596	14637
247	247	风铃中的父亲	第247章 风铃中的父亲	https://www.qidian.com/chapter/1025901449/652322645/	2021-05-19 12:55:27	2218	2319	4.6	14639	14692
248	248	蝴蝶的弱点	第248章 蝴蝶的弱点	https://www.qidian.com/chapter/1025901449/652384673/	2021-05-19 20:50:57	3051	3160	3.6	14694	14749
249	249	齐聚屠夫之家	第249章 齐聚屠夫之家	https://www.qidian.com/chapter/1025901449/652517341/	2021-05-20 16:04:18	2406	2510	4.3	14751	14803
250	250	画里的徐琴	第250章 画里的徐琴	https://www.qidian.com/chapter/1025901449/652561308/	2021-05-20 23:08:20	2161	2243	3.8	14805	14847
251	251	心理病变倒计时	第251章 心理病变倒计时	https://www.qidian.com/chapter/1025901449/652617898/	2021-05-21 12:51:28	2312	2424	4.8	14849	14908
252	252	徐琴的百咒本体	第252章 徐琴的百咒本体	https://www.qidian.com/chapter/1025901449/652706437/	2021-05-21 19:32:38	2275	2369	4.1	14910	14958
253	253	血肉之躯	第253章 血肉之躯	https://www.qidian.com/chapter/1025901449/652793817/	2021-05-22 13:19:41	3430	3584	4.5	14960	15039
254	254	另外半颗心的下落	第254章 另外半颗心的下落	https://www.qidian.com/chapter/1025901449/652836478/	2021-05-22 19:08:26	2438	2542	4.3	15041	15095
255	255	最后的时刻！	第255章 最后的时刻！	https://www.qidian.com/chapter/1025901449/652931582/	2021-05-23 15:41:30	4019	4202	4.6	15097	15190
256	256	在阴间也要万众瞩目	第256章 在阴间也要万众瞩目	https://www.qidian.com/chapter/1025901449/652963361/	2021-05-23 21:40:45	2451	2573	5.0	15192	15254
257	257	苏醒的蜘蛛	第257章 苏醒的蜘蛛	https://www.qidian.com/chapter/1025901449/653034217/	2021-05-24 12:23:06	2101	2199	4.7	15256	15306
258	258	可惜后来我们都变成了疯子	第258章 可惜后来我们都变成了疯子	https://www.qidian.com/chapter/1025901449/653102491/	2021-05-24 20:21:33	3038	3180	4.7	15308	15380
259	259	触发了奇怪的隐藏职业？	第259章 触发了奇怪的隐藏职业？	https://www.qidian.com/chapter/1025901449/653161079/	2021-05-25 11:09:54	2046	2145	4.8	15382	15433
260	260	我是这个行业最后的希望	第260章 我是这个行业最后的希望	https://www.qidian.com/chapter/1025901449/653212277/	2021-05-25 16:09:59	2462	2561	4.0	15435	15488
261	261	集体友善度加三	第261章 集体友善度加三	https://www.qidian.com/chapter/1025901449/653358031/	2021-05-26 11:55:58	2414	2524	4.6	15490	15547
262	262	不益民的益民便利店？	第262章 不益民的益民便利店？	https://www.qidian.com/chapter/1025901449/653441045/	2021-05-26 17:01:55	2453	2553	4.1	15549	15608
263	263	危险拍摄	第263章 危险拍摄	https://www.qidian.com/chapter/1025901449/653625945/	2021-05-27 14:19:37	2822	2907	3.0	15610	15674
264	264	你真以为我是因为害怕才逃跑的吗？	第264章 你真以为我是因为害怕才逃跑的吗？	https://www.qidian.com/chapter/1025901449/653701802/	2021-05-27 21:50:10	2091	2185	4.5	15676	15724
265	265	收手吧！韩非！	第265章 收手吧！韩非！	https://www.qidian.com/chapter/1025901449/653911671/	2021-05-28 21:34:26	2274	2378	4.6	15726	15779
266	266	别害怕，我们都是人质	第266章 别害怕，我们都是人质	https://www.qidian.com/chapter/1025901449/653987095/	2021-05-29 12:19:27	2441	2567	5.2	15781	15845
267	267	随机挑选一名“幸运”罪犯	第267章 随机挑选一名“幸运”罪犯	https://www.qidian.com/chapter/1025901449/654013642/	2021-05-29 18:14:24	2426	2536	4.5	15847	15903
268	268	楼长的礼物	第268章 楼长的礼物（三更）	https://www.qidian.com/chapter/1025901449/654037007/	2021-05-29 22:22:03	3122	3308	6.0	15905	16005
269	269	镜神的委托	第269章 镜神的委托	https://www.qidian.com/chapter/1025901449/654131818/	2021-05-30 15:21:38	2245	2340	4.2	16007	16060
270	270	宠物店	第270章 宠物店	https://www.qidian.com/chapter/1025901449/654143068/	2021-05-30 17:31:04	2473	2592	4.8	16062	16125
271	271	小猫咪能有什么坏心思？	第271章 小猫咪能有什么坏心思？	https://www.qidian.com/chapter/1025901449/654285874/	2021-05-31 15:55:25	2253	2355	4.5	16127	16180
272	272	杀多少次都杀不死？	第272章 杀多少次都杀不死？	https://www.qidian.com/chapter/1025901449/654351411/	2021-05-31 19:07:29	2720	2860	5.1	16182	16253
273	273	血肉类宠物九命	第273章 血肉类宠物九命	https://www.qidian.com/chapter/1025901449/654448707/	2021-06-01 15:26:57	2433	2554	5.0	16255	16319
274	274	诅咒物收集爱好者	第274章 诅咒物收集爱好者	https://www.qidian.com/chapter/1025901449/654491702/	2021-06-01 21:12:27	2626	2754	4.9	16321	16389
275	275	死楼——从应聘保安开始	第275章 死楼——从应聘保安开始	https://www.qidian.com/chapter/1025901449/654551221/	2021-06-02 11:21:29	2268	2373	4.6	16391	16452
276	276	她的名字或许可以辟邪	第276章 她的名字或许可以辟邪	https://www.qidian.com/chapter/1025901449/654647817/	2021-06-02 21:43:29	2406	2544	5.7	16454	16526
277	277	你们说的这个魔鬼，他跟我长得像吗？	第277章 你们说的这个魔鬼，他跟我长得像吗？	https://www.qidian.com/chapter/1025901449/654730195/	2021-06-03 13:32:44	4030	4192	4.0	16528	16612
278	278	第一次用游戏仓就干掉了游戏向导	第278章 第一次用游戏仓就干掉了游戏向导	https://www.qidian.com/chapter/1025901449/655116662/	2021-06-05 15:08:16	2675	2817	5.3	16614	16686
279	279	无路可退，那就一直向前	第279章 无路可退，那就一直向前	https://www.qidian.com/chapter/1025901449/655162444/	2021-06-05 22:46:47	2235	2330	4.3	16688	16739
280	280	把诅咒当做祝福来用	第280章 把诅咒当做祝福来用	https://www.qidian.com/chapter/1025901449/655226475/	2021-06-06 15:07:16	2412	2524	4.6	16741	16797
281	281	保安公司的电梯	第281章 保安公司的电梯	https://www.qidian.com/chapter/1025901449/655236599/	2021-06-06 17:12:37	2210	2322	5.1	16799	16858
282	282	人故事	第282章 人故事（三更）	https://www.qidian.com/chapter/1025901449/655275396/	2021-06-06 22:36:25	2297	2435	6.0	16860	16930
283	283	年轻保安	第283章 年轻保安	https://www.qidian.com/chapter/1025901449/655346388/	2021-06-07 13:08:57	2205	2307	4.6	16932	16985
284	284	我只是去看看你们老板而已	第284章 我只是去看看你们老板而已	https://www.qidian.com/chapter/1025901449/655403937/	2021-06-07 17:21:41	2092	2168	3.6	16987	17030
285	285	原来我已经死了	第285章 原来我已经死了(三更）	https://www.qidian.com/chapter/1025901449/655497871/	2021-06-07 22:42:18	2311	2417	4.6	17032	17088
286	286	阴间公司的营业范围	第286章 阴间公司的营业范围	https://www.qidian.com/chapter/1025901449/655578878/	2021-06-08 11:56:12	2452	2556	4.2	17090	17146
287	287	灵魂深处的花？	第287章 灵魂深处的花？	https://www.qidian.com/chapter/1025901449/655635012/	2021-06-08 18:56:15	2249	2355	4.7	17148	17201
288	288	我来了，保护神也就来了	第288章 我来了，保护神也就来了	https://www.qidian.com/chapter/1025901449/655643929/	2021-06-08 20:41:12	2080	2159	3.8	17203	17245
289	289	八首	第289章 八首	https://www.qidian.com/chapter/1025901449/655810174/	2021-06-09 19:40:21	2405	2519	4.7	17247	17307
290	290	首杀大型怨念	第290章 首杀大型怨念	https://www.qidian.com/chapter/1025901449/655832324/	2021-06-09 22:26:11	2280	2379	4.3	17309	17360
291	291	杀戮便是修行	第291章 杀戮便是修行	https://www.qidian.com/chapter/1025901449/655879581/	2021-06-10 11:33:15	2266	2375	4.8	17362	17418
292	292	灾难等级提升，最快晋升速度	第292章 灾难等级提升，最快晋升速度	https://www.qidian.com/chapter/1025901449/655950291/	2021-06-10 18:18:16	2830	2962	4.7	17420	17488
293	293	益民街道新的保护神	第293章 益民街道新的保护神（三更）	https://www.qidian.com/chapter/1025901449/655991494/	2021-06-10 21:06:37	2020	2111	4.5	17490	17538
294	294	小区门口的神龛	第294章 小区门口的神龛	https://www.qidian.com/chapter/1025901449/656152279/	2021-06-11 17:57:53	2044	2143	4.8	17540	17591
295	295	退出游戏时的血色世界	第295章 退出游戏时的血色世界	https://www.qidian.com/chapter/1025901449/656172340/	2021-06-11 19:25:48	2133	2251	5.5	17593	17652
296	296	被黄赢困住的蝴蝶	第296章 被黄赢困住的蝴蝶	https://www.qidian.com/chapter/1025901449/656213746/	2021-06-11 22:23:12	2269	2366	4.3	17654	17707
297	297	死楼	第297章 死楼	https://www.qidian.com/chapter/1025901449/656255667/	2021-06-12 10:07:29	2013	2076	3.1	17709	17751
298	298	恐怖片导演和喜剧演员	第298章 恐怖片导演和喜剧演员（4000）	https://www.qidian.com/chapter/1025901449/656288094/	2021-06-12 16:01:38	4206	4405	4.7	17753	17853
299	299	治愈系游戏里的血色地图	第299章 治愈系游戏里的血色地图	https://www.qidian.com/chapter/1025901449/656419322/	2021-06-13 20:02:59	3084	3211	4.1	17855	17924
300	300	哭的话就会死	第300章 哭的话就会死	https://www.qidian.com/chapter/1025901449/656482533/	2021-06-14 11:10:47	2211	2332	5.5	17926	17987
301	301	嫁衣女人的房间	第301章 嫁衣女人的房间	https://www.qidian.com/chapter/1025901449/656512127/	2021-06-14 17:17:38	2054	2150	4.7	17989	18038
302	302	把歌声送给蝴蝶	第302章 把歌声送给蝴蝶	https://www.qidian.com/chapter/1025901449/656535343/	2021-06-14 21:31:00	2074	2178	5.0	18040	18094
303	303	新来的保安叫白思念	第303章 新来的保安叫白思念	https://www.qidian.com/chapter/1025901449/656689221/	2021-06-15 17:53:18	2321	2415	4.0	18096	18151
304	304	卫生间里挂着红裙子	第304章 卫生间里挂着红裙子	https://www.qidian.com/chapter/1025901449/656746584/	2021-06-15 22:54:53	2306	2417	4.8	18153	18213
305	305	有人在家吗？	第305章 有人在家吗？	https://www.qidian.com/chapter/1025901449/656793621/	2021-06-16 11:24:00	2615	2717	3.9	18215	18276
306	306	送不走的红裙子	第306章 送不走的红裙子	https://www.qidian.com/chapter/1025901449/656874673/	2021-06-16 22:07:10	2807	2939	4.7	18278	18347
307	307	夜间巡逻	第307章 夜间巡逻	https://www.qidian.com/chapter/1025901449/656941365/	2021-06-17 11:46:58	2825	2935	3.9	18349	18410
308	308	门后的小孩	第308章 门后的小孩	https://www.qidian.com/chapter/1025901449/657036150/	2021-06-17 21:55:50	2610	2719	4.2	18412	18469
309	309	掐死自己的天使	第309章 掐死自己的天使	https://www.qidian.com/chapter/1025901449/657123217/	2021-06-18 12:20:21	2878	2995	4.1	18471	18536
310	310	贾姨	第310章 贾姨	https://www.qidian.com/chapter/1025901449/657224842/	2021-06-18 21:56:05	2036	2120	4.1	18538	18586
311	311	你是人？	第311章 你是人？	https://www.qidian.com/chapter/1025901449/657305575/	2021-06-19 18:15:23	2618	2724	4.0	18588	18646
312	312	隐藏职业死楼保安	第312章 隐藏职业死楼保安	https://www.qidian.com/chapter/1025901449/657330455/	2021-06-19 22:19:11	2100	2203	4.9	18648	18704
313	313	被我碰到就会死	第313章 被我碰到就会死	https://www.qidian.com/chapter/1025901449/657418603/	2021-06-20 19:49:50	2029	2119	4.4	18706	18753
314	314	裙子可不是用来穿的	第314章 裙子可不是用来穿的	https://www.qidian.com/chapter/1025901449/657443003/	2021-06-20 23:21:35	2023	2094	3.5	18755	18799
315	315	二十四楼	第315章 二十四楼	https://www.qidian.com/chapter/1025901449/657647802/	2021-06-21 23:41:49	2437	2560	5.0	18801	18866
316	316	这跟我可一点关系都没有啊！	第316章 这跟我可一点关系都没有啊！	https://www.qidian.com/chapter/1025901449/657746456/	2021-06-22 11:56:07	2257	2364	4.7	18868	18927
317	317	我，死楼最敬业的保安	第317章 我，死楼最敬业的保安（4600）	https://www.qidian.com/chapter/1025901449/657818194/	2021-06-22 22:10:52	4633	4855	4.8	18929	19052
318	318	这是我入职死楼保安的第四个小时	第318章 这是我入职死楼保安的第四个小时(4000)	https://www.qidian.com/chapter/1025901449/657950907/	2021-06-23 19:04:50	4020	4212	4.8	19054	19156
319	319	四月四日的夜晚	第319章 四月四日的夜晚	https://www.qidian.com/chapter/1025901449/658106663/	2021-06-24 13:16:34	2242	2341	4.4	19158	19212
320	320	驱“邪”	第320章 驱“邪”	https://www.qidian.com/chapter/1025901449/658231340/	2021-06-24 19:40:45	2436	2538	4.2	19214	19267
321	321	1244号心房的隐秘	第321章 1244号心房的隐秘（4000）	https://www.qidian.com/chapter/1025901449/658521607/	2021-06-26 16:21:27	4051	4207	3.9	19269	19360
322	322	恨意之源	第322章 恨意之源	https://www.qidian.com/chapter/1025901449/658608183/	2021-06-27 12:48:10	2408	2512	4.3	19362	19418
323	323	失败的作品	第323章 失败的作品	https://www.qidian.com/chapter/1025901449/658644891/	2021-06-27 20:33:03	2253	2355	4.5	19420	19471
324	324	十三级	第324章 十三级	https://www.qidian.com/chapter/1025901449/658708690/	2021-06-28 11:20:04	2483	2571	3.5	19473	19529
325	325	任务奖励庄雯的人性	第325章 任务奖励庄雯的人性	https://www.qidian.com/chapter/1025901449/658776501/	2021-06-28 20:33:14	2270	2369	4.4	19531	19584
326	326	意外完成了跳楼灵的心愿	第326章 意外完成了跳楼灵的心愿	https://www.qidian.com/chapter/1025901449/658894667/	2021-06-29 15:49:25	2016	2105	4.4	19586	19636
327	327	委屈的商人	第327章 委屈的商人	https://www.qidian.com/chapter/1025901449/659019910/	2021-06-29 23:28:35	2130	2221	4.3	19638	19691
328	328	穿着红裙的女人	第328章 穿着红裙的女人	https://www.qidian.com/chapter/1025901449/659122610/	2021-06-30 15:06:42	3268	3422	4.7	19693	19775
329	329	斩！	第329章 斩！	https://www.qidian.com/chapter/1025901449/659178139/	2021-06-30 19:40:36	2272	2381	4.8	19777	19835
330	330	最接近恨意的灵魂	第330章 最接近恨意的灵魂	https://www.qidian.com/chapter/1025901449/659378915/	2021-07-01 18:48:40	2016	2111	4.7	19837	19886
331	331	获得小区业主的认可	第331章 获得小区业主的认可（多么正常的题目）	https://www.qidian.com/chapter/1025901449/659422540/	2021-07-01 22:37:57	2093	2181	4.2	19888	19935
332	322	通往死亡的衣柜	第332章 通往死亡的衣柜	https://www.qidian.com/chapter/1025901449/659544394/	2021-07-02 15:38:24	2215	2300	3.8	19937	19987
333	333	预知死亡的梦	第333章 预知死亡的梦	https://www.qidian.com/chapter/1025901449/659653232/	2021-07-02 21:32:45	2163	2232	3.2	19989	20025
334	334	蝴蝶的衣柜	第334章 蝴蝶的衣柜	https://www.qidian.com/chapter/1025901449/659747771/	2021-07-03 11:01:00	2014	2104	4.5	20027	20074
335	335	偷人的衣柜	第335章 偷人的衣柜	https://www.qidian.com/chapter/1025901449/659810880/	2021-07-03 22:38:56	2087	2174	4.2	20076	20118
336	336	丰子喻的下落	第336章 丰子喻的下落	https://www.qidian.com/chapter/1025901449/659882749/	2021-07-04 17:19:11	3031	3140	3.6	20120	20178
337	337	这见鬼的奔跑速度	第337章 这见鬼的奔跑速度	https://www.qidian.com/chapter/1025901449/659914624/	2021-07-04 22:35:12	2083	2162	3.8	20180	20225
338	338	兴奋的大孽	第338章 兴奋的大孽（4000）	https://www.qidian.com/chapter/1025901449/660087348/	2021-07-05 22:13:03	4026	4224	4.9	20227	20333
339	339	嘴巴里的出口	第339章 嘴巴里的出口	https://www.qidian.com/chapter/1025901449/660132953/	2021-07-06 10:47:04	2231	2343	5.0	20335	20392
340	340	在死楼招魂是种什么样的体验	第340章 在死楼招魂是种什么样的体验	https://www.qidian.com/chapter/1025901449/660195457/	2021-07-06 21:13:28	2218	2311	4.2	20394	20444
341	341	母女三人	第341章 母女三人	https://www.qidian.com/chapter/1025901449/660257271/	2021-07-07 11:15:12	2275	2360	3.7	20446	20496
342	342	想清楚谁是人质再动手	第342章 想清楚谁是人质再动手	https://www.qidian.com/chapter/1025901449/660373998/	2021-07-07 23:08:40	2107	2205	4.7	20498	20550
343	343	4144？	第343章 4144？	https://www.qidian.com/chapter/1025901449/660465566/	2021-07-08 13:36:02	2275	2380	4.6	20552	20607
344	344	上任楼长的线索	第344章 上任楼长的线索	https://www.qidian.com/chapter/1025901449/660577579/	2021-07-08 23:07:33	2203	2302	4.5	20609	20661
345	345	一直活到现在的保安	第345章 一直活到现在的保安	https://www.qidian.com/chapter/1025901449/660817997/	2021-07-09 23:46:49	4087	4248	3.9	20663	20753
346	346	追魂人	第346章 追魂人	https://www.qidian.com/chapter/1025901449/660919052/	2021-07-10 23:34:03	2051	2132	3.9	20755	20800
347	347	把韩非当作祭品	第347章 把韩非当作祭品	https://www.qidian.com/chapter/1025901449/661011412/	2021-07-11 22:30:51	2036	2123	4.3	20802	20850
348	348	无头的门神	第348章 无头的门神	https://www.qidian.com/chapter/1025901449/661063538/	2021-07-12 11:45:01	2057	2154	4.7	20852	20908
349	349	我找到你的家人了	第349章 我找到你的家人了	https://www.qidian.com/chapter/1025901449/661097934/	2021-07-12 18:00:00	2031	2119	4.3	20910	20957
350	350	初代管理者的遗物	第350章 初代管理者的遗物	https://www.qidian.com/chapter/1025901449/661249403/	2021-07-13 14:58:44	4071	4246	4.3	20959	21051
351	351	他的三个孩子	第351章 他的三个孩子	https://www.qidian.com/chapter/1025901449/661476247/	2021-07-14 21:08:11	2316	2431	5.0	21053	21112
352	352	拥挤的红色电梯	第352章 拥挤的红色电梯	https://www.qidian.com/chapter/1025901449/661734141/	2021-07-15 21:55:40	2624	2735	4.2	21114	21175
353	353	死楼游戏崩溃后的警告	第353章 死楼游戏崩溃后的警告	https://www.qidian.com/chapter/1025901449/662196848/	2021-07-16 21:59:17	2755	2860	3.8	21177	21235
354	354	用来招魂的歌声	第354章 用来招魂的歌声	https://www.qidian.com/chapter/1025901449/662329524/	2021-07-17 22:58:08	3511	3649	3.9	21237	21306
355	355	夜幕拉开	第355章 夜幕拉开（4000）	https://www.qidian.com/chapter/1025901449/662410408/	2021-07-18 19:15:21	4070	4224	3.8	21308	21386
356	356	终极彩蛋	第356章 终极彩蛋(4000)	https://www.qidian.com/chapter/1025901449/662656804/	2021-07-19 22:08:42	4130	4291	3.9	21388	21470
357	357	门神的刀	第357章 门神的刀	https://www.qidian.com/chapter/1025901449/662895443/	2021-07-20 19:18:46	2233	2337	4.7	21472	21530
358	358	E级主线任务回魂夜！	第358章 E级主线任务回魂夜！	https://www.qidian.com/chapter/1025901449/662957888/	2021-07-20 23:56:59	2122	2211	4.2	21532	21579
359	359	被梦魇养大的孩子	第359章 被梦魇养大的孩子（第一更）	https://www.qidian.com/chapter/1025901449/663556549/	2021-07-22 18:09:55	2049	2143	4.6	21581	21630
360	360	将死未死的韩非	第360章 将死未死的韩非（第二更）	https://www.qidian.com/chapter/1025901449/663559574/	2021-07-22 20:06:00	2040	2106	3.2	21632	21672
361	361	纸人借道	第361章 纸人借道（第三更）	https://www.qidian.com/chapter/1025901449/663631761/	2021-07-22 23:30:03	2040	2135	4.7	21674	21726
362	362	治愈系玩家	第362章 治愈系玩家	https://www.qidian.com/chapter/1025901449/663936206/	2021-07-23 21:36:12	2478	2562	3.4	21728	21775
363	363	往生，今生，来生	第363章 往生，今生，来生	https://www.qidian.com/chapter/1025901449/664004955/	2021-07-24 12:22:04	2124	2195	3.3	21777	21816
364	364	回来的不是你爸爸	第364章 回来的不是你爸爸	https://www.qidian.com/chapter/1025901449/664035445/	2021-07-24 18:06:13	2122	2220	4.6	21818	21869
365	365	灭！	第365章 灭！	https://www.qidian.com/chapter/1025901449/664169718/	2021-07-25 22:53:42	2946	3081	4.6	21871	21941
366	366	找回童年的魂	第366章 找回童年的魂（4000）	https://www.qidian.com/chapter/1025901449/664297773/	2021-07-26 21:56:58	4227	4394	4.0	21943	22031
367	367	4094房的喜剧演员	第367章 4094房的喜剧演员	https://www.qidian.com/chapter/1025901449/664495931/	2021-07-27 22:55:53	3237	3360	3.8	22033	22103
368	368	萤火和夜空	第368章 萤火和夜空	https://www.qidian.com/chapter/1025901449/664636658/	2021-07-28 22:18:33	2355	2449	4.0	22105	22155
369	369	微笑的灵魂	第369章 微笑的灵魂	https://www.qidian.com/chapter/1025901449/664804586/	2021-07-29 23:08:07	2090	2166	3.6	22157	22196
370	370	死楼业主维权互助群	第370章 死楼业主维权互助群	https://www.qidian.com/chapter/1025901449/664983872/	2021-07-30 22:01:12	3726	3841	3.1	22198	22262
371	371	我坏起来自己都害怕的	第371章 我坏起来自己都害怕的	https://www.qidian.com/chapter/1025901449/665209448/	2021-07-31 23:06:36	3297	3407	3.3	22264	22322
372	372	他还能把楼毁了不成？	第372章 他还能把楼毁了不成？	https://www.qidian.com/chapter/1025901449/665257165/	2021-08-01 12:32:00	2205	2281	3.4	22324	22368
373	373	不会有逝的	第373章 不会有逝的	https://www.qidian.com/chapter/1025901449/665320318/	2021-08-01 23:17:47	2061	2139	3.8	22370	22410
374	374	你怎么变成这样了！	第374章 你怎么变成这样了！（4000）	https://www.qidian.com/chapter/1025901449/665490482/	2021-08-02 22:40:35	4078	4242	4.0	22412	22498
375	375	我既是死咒	第375章 我既是死咒	https://www.qidian.com/chapter/1025901449/665632677/	2021-08-03 12:56:33	2205	2304	4.5	22500	22551
376	376	我们来了	第376章 我们来了	https://www.qidian.com/chapter/1025901449/665763730/	2021-08-03 22:35:57	2206	2299	4.2	22553	22602
377	377	没有恶之魂不敢杀的	第377章 没有恶之魂不敢杀的	https://www.qidian.com/chapter/1025901449/666006014/	2021-08-04 20:46:37	2106	2198	4.4	22604	22651
378	378	4044房间里的声音	第378章 4044房间里的声音	https://www.qidian.com/chapter/1025901449/666036140/	2021-08-04 23:05:56	2060	2145	4.1	22653	22705
379	379	阴间邂逅	第379章 阴间邂逅（4000）	https://www.qidian.com/chapter/1025901449/666333711/	2021-08-05 22:41:36	4055	4204	3.7	22707	22798
380	380	噩梦深处的4444房间	第380章 噩梦深处的4444房间	https://www.qidian.com/chapter/1025901449/666595391/	2021-08-06 19:05:29	2141	2209	3.2	22800	22844
381	381	地下四层的男孩	第381章 地下四层的男孩	https://www.qidian.com/chapter/1025901449/666659219/	2021-08-06 23:19:58	2252	2332	3.6	22846	22888
382	382	蝴蝶的罪	第382章 蝴蝶的罪	https://www.qidian.com/chapter/1025901449/666862424/	2021-08-07 18:56:32	2257	2367	4.9	22890	22946
383	383	狂笑韩非	第383章 狂笑韩非（5000）	https://www.qidian.com/chapter/1025901449/667043152/	2021-08-08 20:52:14	5080	5321	4.7	22948	23073
384	384	噩梦之心	第384章 噩梦之心（4000）	https://www.qidian.com/chapter/1025901449/667207852/	2021-08-09 21:48:51	4017	4226	5.2	23075	23183
385	385	回魂开始！	第385章 回魂开始！（4000）	https://www.qidian.com/chapter/1025901449/667447186/	2021-08-10 21:09:36	4242	4430	4.4	23185	23286
386	386	死楼管理者	第386章 死楼管理者（4000）	https://www.qidian.com/chapter/1025901449/667619326/	2021-08-11 21:27:46	4059	4239	4.4	23288	23379
387	387	谁是谁的底牌	第387章 谁是谁的底牌	https://www.qidian.com/chapter/1025901449/667863108/	2021-08-12 21:28:18	2073	2163	4.3	23381	23427
388	388	蝴蝶必须死！	第388章 蝴蝶必须死！（4000）	https://www.qidian.com/chapter/1025901449/668229664/	2021-08-13 22:49:41	4400	4589	4.3	23429	23526
389	389	落入蛛网的蝴蝶	第389章 落入蛛网的蝴蝶	https://www.qidian.com/chapter/1025901449/668355279/	2021-08-14 23:18:38	3490	3634	4.1	23528	23602
390	390	你的噩梦，由我亲手来实现！	第390章 你的噩梦，由我亲手来实现！	https://www.qidian.com/chapter/1025901449/668486569/	2021-08-15 22:27:56	3547	3693	4.1	23604	23679
391	391	韩非和他的灵魂们	第391章 韩非和他的灵魂们	https://www.qidian.com/chapter/1025901449/668750494/	2021-08-16 23:04:35	3628	3782	4.2	23681	23765
392	392	连升两级	第392章 连升两级	https://www.qidian.com/chapter/1025901449/668979669/	2021-08-17 23:20:26	4627	4829	4.4	23767	23872
393	393	新的死楼管理者	第393章 新的死楼管理者	https://www.qidian.com/chapter/1025901449/669158757/	2021-08-18 22:42:09	3221	3353	4.1	23874	23942
394	394	头号玩家黄赢	第394章 头号玩家黄赢	https://www.qidian.com/chapter/1025901449/669327670/	2021-08-19 22:23:34	3136	3251	3.7	23944	24006
395	395	差点忘了我是个喜剧演员了	第395章 差点忘了我是个喜剧演员了	https://www.qidian.com/chapter/1025901449/669544098/	2021-08-20 21:19:30	3523	3650	3.6	24008	24076
396	396	高玩在阳间，陪玩在阴间	第396章 高玩在阳间，陪玩在阴间	https://www.qidian.com/chapter/1025901449/669785718/	2021-08-21 19:14:42	4672	4847	3.7	24078	24167
397	397	全球公测	第397章 全球公测	https://www.qidian.com/chapter/1025901449/669960558/	2021-08-22 14:41:03	4113	4301	4.6	24169	24270
398	398	梦魇医生黄赢	第398章 梦魇医生黄赢	https://www.qidian.com/chapter/1025901449/670223959/	2021-08-23 21:27:12	2288	2381	4.1	24272	24324
399	399	这就是完美人生吗？	第399章 这就是完美人生吗？	https://www.qidian.com/chapter/1025901449/670458758/	2021-08-24 20:51:44	2472	2592	4.9	24326	24394
400	400	阴间人力资源主管	第400章 阴间人力资源主管	https://www.qidian.com/chapter/1025901449/670678095/	2021-08-25 19:49:58	4019	4172	3.8	24396	24482
401	401	请慎重考虑！	第401章 请慎重考虑！	https://www.qidian.com/chapter/1025901449/670858972/	2021-08-26 22:11:56	2889	3030	4.9	24484	24556
402	402	声望？还是阴德？	第402章 声望？还是阴德？	https://www.qidian.com/chapter/1025901449/671064461/	2021-08-27 21:43:30	3286	3444	4.8	24558	24644
403	403	这个时代将以我为名	第403章 这个时代将以我为名	https://www.qidian.com/chapter/1025901449/671141347/	2021-08-28 16:25:26	3667	3813	4.0	24646	24720
404	404	管理者韩非	第404章 管理者韩非	https://www.qidian.com/chapter/1025901449/671278025/	2021-08-29 21:59:32	4093	4242	3.6	24722	24805
405	405	韩非的格局	第405章 韩非的格局	https://www.qidian.com/chapter/1025901449/671429426/	2021-08-30 22:24:11	4457	4656	4.5	24807	24909
406	406	一起去点亮黑夜！	第406章 一起去点亮黑夜！	https://www.qidian.com/chapter/1025901449/671613126/	2021-08-31 22:27:35	4131	4308	4.3	24911	25008
407	407	优秀青年演员提名	第407章 优秀青年演员提名	https://www.qidian.com/chapter/1025901449/671764583/	2021-09-01 21:49:39	4269	4441	4.0	25010	25103
408	408	消失的整形医院	第408章 消失的整形医院	https://www.qidian.com/chapter/1025901449/672003288/	2021-09-02 22:56:54	4456	4657	4.5	25105	25210
409	409	多重混合诅咒——血债！	第409章 多重混合诅咒——血债！	https://www.qidian.com/chapter/1025901449/672234216/	2021-09-03 23:23:17	4020	4197	4.4	25212	25307
410	410	我们为你发声	第410章 我们为你发声	https://www.qidian.com/chapter/1025901449/672466758/	2021-09-04 19:19:27	4605	4785	3.9	25309	25401
411	411	这世界没那么糟糕	第411章 这世界没那么糟糕	https://www.qidian.com/chapter/1025901449/672667059/	2021-09-05 22:44:51	4025	4196	4.2	25403	25492
412	412	完整的血色纸人	第412章 完整的血色纸人	https://www.qidian.com/chapter/1025901449/672801379/	2021-09-06 17:43:11	4164	4365	4.8	25494	25599
413	413	欢迎来到完美人生	第413章 欢迎来到完美人生	https://www.qidian.com/chapter/1025901449/673042980/	2021-09-07 22:54:18	4048	4210	4.0	25601	25690
414	414	零点的自拍	第414章 零点的自拍	https://www.qidian.com/chapter/1025901449/673277500/	2021-09-08 22:46:12	2810	2941	4.7	25692	25758
415	415	《物是人非》	第415章 《物是人非》	https://www.qidian.com/chapter/1025901449/673562592/	2021-09-09 22:14:07	4094	4287	4.7	25760	25862
416	416	白鞋子	第416章 白鞋子	https://www.qidian.com/chapter/1025901449/673730630/	2021-09-10 22:50:52	4026	4214	4.7	25864	25957
417	417	你偷了谁的脸	第417章 你偷了谁的脸	https://www.qidian.com/chapter/1025901449/673828684/	2021-09-11 23:06:13	4085	4273	4.6	25959	26054
418	418	你不害怕吗？	第418章 你不害怕吗？	https://www.qidian.com/chapter/1025901449/673921986/	2021-09-12 23:09:03	4220	4414	4.6	26056	26156
419	419	三十秒的监控视频	第419章 三十秒的监控视频	https://www.qidian.com/chapter/1025901449/674178481/	2021-09-13 22:26:16	4140	4318	4.3	26158	26249
420	420	只有一个孩子的幸福孤儿院	第420章 只有一个孩子的幸福孤儿院	https://www.qidian.com/chapter/1025901449/674365992/	2021-09-14 22:10:55	2645	2734	3.4	26251	26301
421	421	完美人格	第421章 完美人格	https://www.qidian.com/chapter/1025901449/674566882/	2021-09-15 19:36:37	3468	3622	4.4	26303	26380
422	422	满足神龛升级条件	第422章 满足神龛升级条件	https://www.qidian.com/chapter/1025901449/674718745/	2021-09-16 17:23:10	2634	2741	4.1	26382	26439
423	423	不可言说级别的能力	第423章 不可言说级别的能力	https://www.qidian.com/chapter/1025901449/675146673/	2021-09-18 21:00:49	4052	4206	3.8	26441	26521
424	424	最美的嫁衣	第424章 最美的嫁衣	https://www.qidian.com/chapter/1025901449/675275299/	2021-09-19 22:21:12	2858	2976	4.1	26523	26583
425	425	他将掀起一场大灾	第425章 他将掀起一场大灾	https://www.qidian.com/chapter/1025901449/675364978/	2021-09-20 21:26:06	4055	4237	4.5	26585	26676
426	426	第二次选择	第426章 第二次选择（中秋快乐）	https://www.qidian.com/chapter/1025901449/675463705/	2021-09-21 22:39:41	4034	4182	3.7	26678	26754
427	427	六位猝死者	第427章 六位猝死者	https://www.qidian.com/chapter/1025901449/675581922/	2021-09-22 22:04:09	4069	4205	3.3	26756	26827
428	428	午夜商场	第428章 午夜商场	https://www.qidian.com/chapter/1025901449/675694505/	2021-09-23 19:54:01	4453	4622	3.8	26829	26917
429	429	存活三十天	第429章 存活三十天	https://www.qidian.com/chapter/1025901449/675779748/	2021-09-24 18:00:00	4019	4214	4.9	26919	27018
430	430	入职第一晚	第430章 入职第一晚	https://www.qidian.com/chapter/1025901449/676002709/	2021-09-25 20:02:39	2636	2733	3.7	27020	27077
431	431	玩具	第431章 玩具	https://www.qidian.com/chapter/1025901449/676220805/	2021-09-26 21:00:28	3038	3173	4.4	27079	27154
432	432	这家店谁值夜班谁死	第432章 这家店谁值夜班谁死	https://www.qidian.com/chapter/1025901449/676396104/	2021-09-27 22:59:03	3060	3194	4.4	27156	27228
433	433	回家	第433章 回家	https://www.qidian.com/chapter/1025901449/676511708/	2021-09-28 21:51:42	3337	3481	4.3	27230	27304
434	434	夜路	第434章 夜路	https://www.qidian.com/chapter/1025901449/676621871/	2021-09-29 22:16:57	3479	3644	4.7	27306	27393
435	435	绝望才刚开始吗	第435章 绝望才刚开始吗（5000）	https://www.qidian.com/chapter/1025901449/676819147/	2021-09-30 22:30:37	5257	5512	4.9	27395	27526
436	436	十指	第436章 十指（6000）	https://www.qidian.com/chapter/1025901449/676895630/	2021-10-01 21:06:33	6011	6298	4.8	27528	27676
437	437	十三号房间	第437章 十三号房间	https://www.qidian.com/chapter/1025901449/677008618/	2021-10-02 22:57:56	4151	4330	4.3	27678	27773
438	438	库房深处的声音	第438章 库房深处的声音	https://www.qidian.com/chapter/1025901449/677096058/	2021-10-03 21:52:36	4289	4484	4.5	27775	27876
439	439	十七级	第439章 十七级	https://www.qidian.com/chapter/1025901449/677178473/	2021-10-04 20:12:45	4036	4224	4.7	27878	27978
440	440	试衣间的女人	第440章 试衣间的女人	https://www.qidian.com/chapter/1025901449/677291567/	2021-10-05 23:11:14	4140	4333	4.7	27980	28079
441	441	一千件好事	第441章 一千件好事	https://www.qidian.com/chapter/1025901449/677374374/	2021-10-06 22:15:43	4294	4486	4.5	28081	28180
442	442	五分之一的遗憾	第442章 五分之一的遗憾	https://www.qidian.com/chapter/1025901449/677466132/	2021-10-07 22:44:47	4035	4216	4.5	28182	28277
443	443	命运的转折点	第443章 命运的转折点	https://www.qidian.com/chapter/1025901449/677650265/	2021-10-08 22:53:35	4084	4278	4.8	28279	28376
444	444	困兽	第444章 困兽（感谢没事看看书可还行的白银盟）	https://www.qidian.com/chapter/1025901449/677741178/	2021-10-09 17:44:21	4253	4436	4.3	28378	28471
445	445	把他推下深渊的那只手	第445章 把他推下深渊的那只手	https://www.qidian.com/chapter/1025901449/677774584/	2021-10-09 22:30:24	3922	4108	4.7	28473	28571
446	446	开始异化的世界	第446章 开始异化的世界	https://www.qidian.com/chapter/1025901449/677878566/	2021-10-10 22:52:54	4771	4982	4.4	28573	28681
447	447	我	第447章 我	https://www.qidian.com/chapter/1025901449/678013896/	2021-10-11 22:05:28	3290	3438	4.5	28683	28760
448	448	女朋友也是他幻想出来的吗？	第448章 女朋友也是他幻想出来的吗？	https://www.qidian.com/chapter/1025901449/678369505/	2021-10-12 22:57:55	4061	4261	4.9	28762	28866
449	449	错过的选择	第449章 错过的选择	https://www.qidian.com/chapter/1025901449/678494196/	2021-10-13 22:48:53	2083	2177	4.5	28868	28917
450	450	你看，他不见了！	第450章 你看，他不见了！	https://www.qidian.com/chapter/1025901449/678632262/	2021-10-14 18:48:06	2209	2320	5.0	28919	28978
451	451	我和我的同事们	第451章 我和我的同事们	https://www.qidian.com/chapter/1025901449/678679314/	2021-10-14 22:36:13	2176	2278	4.7	28980	29036
452	452	殊途同归，条条大路通地府	第452章 殊途同归，条条大路通地府	https://www.qidian.com/chapter/1025901449/678842668/	2021-10-15 22:30:01	3934	4122	4.8	29038	29135
453	453	等价交易，用灵魂做筹码	第453章 等价交易，用灵魂做筹码	https://www.qidian.com/chapter/1025901449/678951716/	2021-10-16 22:46:39	3446	3609	4.7	29137	29221
454	454	深夜的白米饭	第454章 深夜的白米饭	https://www.qidian.com/chapter/1025901449/679043789/	2021-10-17 22:55:24	2686	2788	3.8	29223	29280
455	455	我可以给自己换个老板	第455章 我可以给自己换个老板	https://www.qidian.com/chapter/1025901449/679206867/	2021-10-18 23:26:45	2849	2979	4.6	29282	29351
456	456	十指已断其三	第456章 十指已断其三	https://www.qidian.com/chapter/1025901449/679500567/	2021-10-19 21:49:53	3478	3657	5.1	29353	29446
457	457	疯狂的推测	第457章 疯狂的推测	https://www.qidian.com/chapter/1025901449/679843628/	2021-10-20 22:29:29	3625	3798	4.8	29448	29539
458	458	真相本身就长着一张嘴	第458章 真相本身就长着一张嘴	https://www.qidian.com/chapter/1025901449/680037992/	2021-10-21 21:41:11	4050	4237	4.6	29541	29638
459	459	它们都是好心“人”	第459章 它们都是好心“人”	https://www.qidian.com/chapter/1025901449/680261436/	2021-10-22 22:28:55	3270	3400	4.0	29640	29707
460	460	鲜肉粽子	第460章 鲜肉粽子	https://www.qidian.com/chapter/1025901449/680485194/	2021-10-23 22:24:16	2890	3053	5.6	29709	29794
461	461	阴债	第461章 阴债	https://www.qidian.com/chapter/1025901449/680578232/	2021-10-24 21:09:28	3534	3690	4.4	29796	29875
462	462	坏人可以活到最后？	第462章 坏人可以活到最后？	https://www.qidian.com/chapter/1025901449/680725969/	2021-10-25 21:41:27	3627	3777	4.1	29877	29955
463	463	唯一成为神龛主人的方法	第463章 唯一成为神龛主人的方法	https://www.qidian.com/chapter/1025901449/680942274/	2021-10-26 23:06:32	2334	2429	4.1	29957	30005
464	464	他们是你的祭品	第464章 他们是你的祭品	https://www.qidian.com/chapter/1025901449/681075157/	2021-10-27 19:37:13	4091	4283	4.7	30007	30106
465	465	深井当中藏着谁的尸体	第465章 深井当中藏着谁的尸体	https://www.qidian.com/chapter/1025901449/681273055/	2021-10-28 22:34:45	3948	4150	5.1	30108	30211
466	466	你给我下来吧！	第466章 你给我下来吧！（5000）	https://www.qidian.com/chapter/1025901449/681421796/	2021-10-29 21:14:21	5025	5268	4.8	30213	30337
467	467	十八级	第467章 十八级（5000）	https://www.qidian.com/chapter/1025901449/681511200/	2021-10-30 18:03:36	5045	5298	5.0	30339	30469
468	468	一般人无法驾驭的隐藏职业	第468章 一般人无法驾驭的隐藏职业（6000）	https://www.qidian.com/chapter/1025901449/681616929/	2021-10-31 20:30:37	6032	6342	5.1	30471	30628
469	469	是韩非，不是悍匪啊	第469章 是韩非，不是悍匪啊（5200求月票）	https://www.qidian.com/chapter/1025901449/681640530/	2021-11-01 00:01:20	5223	5447	4.3	30630	30751
470	470	原来他就是真相	第470章 原来他就是真相（4000求月票）	https://www.qidian.com/chapter/1025901449/681678968/	2021-11-01 11:42:38	4030	4222	4.8	30753	30851
471	471	无声的罪证	第471章 无声的罪证（4000求月票）	https://www.qidian.com/chapter/1025901449/681746970/	2021-11-01 18:42:38	4024	4222	4.9	30853	30954
472	472	三句话，干跨一个商场	第472章 三句话，干跨一个商场（三更求月票）	https://www.qidian.com/chapter/1025901449/681808154/	2021-11-01 23:16:44	3013	3159	4.8	30956	31033
473	473	最后一个祭品	第473章 最后一个祭品（5000求月票）	https://www.qidian.com/chapter/1025901449/681874572/	2021-11-02 13:06:30	5130	5383	4.9	31035	31168
474	474	无限怪诞的城市	第474章 无限怪诞的城市（5000求月票）	https://www.qidian.com/chapter/1025901449/681940187/	2021-11-02 22:04:45	5064	5321	5.1	31170	31302
475	475	恶人自有恶人磨	第475章 恶人自有恶人磨（4000求月票）	https://www.qidian.com/chapter/1025901449/682014316/	2021-11-03 13:16:22	4101	4305	5.0	31304	31410
476	476	你来帮我报仇？	第476章 你来帮我报仇？（4000求月票）	https://www.qidian.com/chapter/1025901449/682065220/	2021-11-03 20:54:33	4012	4171	4.0	31412	31491
477	477	良知说话，真相开口	第477章 良知说话，真相开口（三更求月票）	https://www.qidian.com/chapter/1025901449/682086878/	2021-11-03 23:45:20	2038	2122	4.1	31493	31536
478	478	火把倒下，火焰依然向上！	第478章 火把倒下，火焰依然向上！(5000求月票）	https://www.qidian.com/chapter/1025901449/682152253/	2021-11-04 15:46:38	5049	5306	5.1	31538	31668
479	479	远超预期的任务奖励！	第479章 远超预期的任务奖励！（5000求月票）	https://www.qidian.com/chapter/1025901449/682217660/	2021-11-04 22:48:20	5114	5367	4.9	31670	31799
480	480	接管百货商场	第480章 接管百货商场（4000求月票）	https://www.qidian.com/chapter/1025901449/682291880/	2021-11-05 13:20:42	4141	4320	4.3	31801	31895
481	481	那些玩家刚来的时候都很兴奋	第481章 那些玩家刚来的时候都很兴奋（4000求月票）	https://www.qidian.com/chapter/1025901449/682358390/	2021-11-05 19:33:53	4104	4297	4.7	31897	31997
482	482	和王平安的又一次重逢	第482章 和王平安的又一次重逢（第三更求月票）	https://www.qidian.com/chapter/1025901449/682387338/	2021-11-05 23:09:36	2408	2512	4.3	31999	32053
483	483	韩非的第三部电影	第483章 韩非的第三部电影（4000求月票）	https://www.qidian.com/chapter/1025901449/682425761/	2021-11-06 12:59:36	4058	4205	3.6	32055	32130
484	484	我十级时都已经是楼长了	第484章 我十级时都已经是楼长了（4000求月票）	https://www.qidian.com/chapter/1025901449/682463314/	2021-11-06 19:48:37	4108	4284	4.3	32132	32221
485	485	BOSS韩非	第485章 BOSS韩非（三更求月票）	https://www.qidian.com/chapter/1025901449/682486765/	2021-11-06 23:14:38	2076	2167	4.4	32223	32270
486	486	深层世界的客房服务	第486章 深层世界的客房服务（4000求月票）	https://www.qidian.com/chapter/1025901449/682545039/	2021-11-07 15:39:04	4023	4191	4.2	32272	32360
487	487	幸运值为零的玩家	第487章 幸运值为零的玩家（求月票）	https://www.qidian.com/chapter/1025901449/682563157/	2021-11-07 19:05:30	2136	2243	5.0	32362	32419
488	488	五“虎”上将	第488章 五“虎”上将（4000求月票）	https://www.qidian.com/chapter/1025901449/682592367/	2021-11-07 23:15:44	4076	4245	4.1	32421	32511
489	489	我是纯体力加点	第489章 我是纯体力加点（4000求月票）	https://www.qidian.com/chapter/1025901449/682636846/	2021-11-08 13:46:13	4042	4200	3.9	32513	32597
490	490	治愈系艺术展	第490章 治愈系艺术展（6000求月票）	https://www.qidian.com/chapter/1025901449/682725937/	2021-11-08 22:45:36	6144	6340	3.2	32599	32702
491	491	这就是你的小猫咪？！	第491章 这就是你的小猫咪？！(4000求月票）	https://www.qidian.com/chapter/1025901449/682828056/	2021-11-09 15:27:16	4065	4234	4.2	32704	32793
492	492	通关！	第492章 通关！（6000求月票）	https://www.qidian.com/chapter/1025901449/682887136/	2021-11-09 23:24:38	6080	6340	4.3	32795	32928
493	493	被天使捶过的嗓子	第493章 被天使捶过的嗓子（5200求月票）	https://www.qidian.com/chapter/1025901449/682934686/	2021-11-10 13:56:42	5255	5480	4.3	32930	33044
494	494	编号031	第494章 编号031（5200求月票）	https://www.qidian.com/chapter/1025901449/683001559/	2021-11-10 23:29:18	5288	5480	3.6	33046	33147
495	495	高楼之上	第495章 高楼之上（4000求月票）	https://www.qidian.com/chapter/1025901449/683050797/	2021-11-11 14:01:41	4228	4428	4.7	33149	33253
496	496	他的歌声	第496章 他的歌声（求月票）	https://www.qidian.com/chapter/1025901449/683100869/	2021-11-11 19:15:41	2632	2778	5.5	33255	33330
497	497	与魔鬼同行的猫	第497章 与魔鬼同行的猫（三更求月票）	https://www.qidian.com/chapter/1025901449/683124477/	2021-11-11 23:15:20	3317	3457	4.2	33332	33405
498	498	《整容》剧本	第498章 《整容》剧本（4000求月票）	https://www.qidian.com/chapter/1025901449/683216012/	2021-11-12 15:56:47	4103	4257	3.8	33407	33488
499	499	镜子诊所	第499章 镜子诊所（6000求月票）	https://www.qidian.com/chapter/1025901449/683296498/	2021-11-12 22:24:09	6034	6302	4.4	33490	33627
500	500	你是谁	第500章 你是谁（4000求月票）	https://www.qidian.com/chapter/1025901449/683351648/	2021-11-13 15:51:56	4022	4207	4.6	33629	33727
501	501	是我真的不好笑吗？	第501章 是我真的不好笑吗？（求月票）	https://www.qidian.com/chapter/1025901449/683370909/	2021-11-13 19:59:16	3062	3223	5.3	33729	33810
502	502	玩家和NPC都害怕的人	第502章 玩家和NPC都害怕的人（第三更求月票）	https://www.qidian.com/chapter/1025901449/683395254/	2021-11-13 23:45:39	3206	3342	4.2	33812	33884
503	503	狂野将使它们感到畏惧	第503章 狂野将使它们感到畏惧（4000求月票）	https://www.qidian.com/chapter/1025901449/683436798/	2021-11-14 14:12:32	4109	4333	5.5	33886	34000
504	504	我为她制作的笑脸	第504章 我为她制作的笑脸（6000求月票）	https://www.qidian.com/chapter/1025901449/683483045/	2021-11-14 23:12:24	6053	6361	5.1	34002	34155
505	505	微笑和狂笑	第505章 微笑和狂笑（4000求月票）	https://www.qidian.com/chapter/1025901449/683557084/	2021-11-15 14:05:59	4286	4518	5.4	34157	34275
506	506	新来的业主是大型怨念	第506章 新来的业主是大型怨念（4000求月票）	https://www.qidian.com/chapter/1025901449/683629150/	2021-11-15 20:22:27	4097	4313	5.3	34277	34387
507	507	《悬疑小说家》上映！	第507章 《悬疑小说家》上映！（三更求月票）	https://www.qidian.com/chapter/1025901449/683649964/	2021-11-15 23:43:21	2213	2308	4.3	34389	34438
508	508	谁才是演技最好的青年演员	第508章 谁才是演技最好的青年演员（5000求月票）	https://www.qidian.com/chapter/1025901449/683714469/	2021-11-16 17:23:24	5113	5321	4.1	34440	34547
509	509	恐怖的演技碾压	第509章 恐怖的演技碾压（5000求月票）	https://www.qidian.com/chapter/1025901449/683772049/	2021-11-16 23:17:10	5029	5248	4.4	34549	34660
510	510	红色、白色和彩色	第510章 红色、白色和彩色（4000求月票）	https://www.qidian.com/chapter/1025901449/683851988/	2021-11-17 16:27:27	4144	4298	3.7	34662	34745
511	511	最佳男配角	第511章 最佳男配角（6000求月票）	https://www.qidian.com/chapter/1025901449/683925725/	2021-11-17 23:14:00	6429	6703	4.3	34747	34885
512	512	实至名归	第512章 实至名归	https://www.qidian.com/chapter/1025901449/684012089/	2021-11-18 16:01:21	2034	2130	4.7	34887	34935
513	513	她今晚会来找我	第513章 她今晚会来找我（4000求月票）	https://www.qidian.com/chapter/1025901449/684070303/	2021-11-18 19:36:54	4068	4257	4.6	34937	35034
514	514	三十个孩子	第514章 三十个孩子（4000求月票）	https://www.qidian.com/chapter/1025901449/684106498/	2021-11-18 23:55:18	4071	4226	3.8	35036	35116
515	515	白哥，下来玩啊！	第515章 白哥，下来玩啊！（4000求月票）	https://www.qidian.com/chapter/1025901449/684239157/	2021-11-19 16:36:00	4046	4207	4.0	35118	35202
516	516	没有演技，全是感情	第516章 没有演技，全是感情（6000求月票）	https://www.qidian.com/chapter/1025901449/684295647/	2021-11-19 23:03:57	6009	6316	5.1	35204	35367
517	517	把妈妈藏起来	第517章 把妈妈藏起来（4000求月票）	https://www.qidian.com/chapter/1025901449/684463717/	2021-11-20 17:24:45	4015	4196	4.5	35369	35461
518	518	老狼老狼几点了	第518章 老狼老狼几点了（6000求月票）	https://www.qidian.com/chapter/1025901449/684498156/	2021-11-20 23:09:19	6059	6342	4.7	35463	35608
519	519	被唤醒的记忆	第519章 被唤醒的记忆（4000求月票）	https://www.qidian.com/chapter/1025901449/684558742/	2021-11-21 13:18:00	4086	4289	5.0	35610	35719
520	520	初始脑力加一	第520章 初始脑力加一（6000求月票）	https://www.qidian.com/chapter/1025901449/684614350/	2021-11-21 23:15:37	6106	6412	5.0	35721	35874
521	521	一片漆黑的白色孤儿院	第521章 一片漆黑的白色孤儿院（4000求月票）	https://www.qidian.com/chapter/1025901449/684732984/	2021-11-22 18:22:29	4070	4227	3.9	35876	35962
522	522	我来帮你把世界染红	第522章 我来帮你把世界染红（6000求月票）	https://www.qidian.com/chapter/1025901449/684775010/	2021-11-22 23:38:30	6151	6451	4.9	35964	36121
523	523	重现血色夜	第523章 重现血色夜（6000求月票）	https://www.qidian.com/chapter/1025901449/684931010/	2021-11-23 20:27:26	6483	6770	4.4	36123	36272
524	534	人的极限	第524章 人的极限（4000求月票）	https://www.qidian.com/chapter/1025901449/684954517/	2021-11-23 23:49:04	4021	4234	5.3	36274	36384
525	525	韩非的第一位恨意邻居	第525章 韩非的第一位恨意邻居（4000求月票）	https://www.qidian.com/chapter/1025901449/685071083/	2021-11-24 16:39:05	4060	4215	3.8	36386	36473
526	527	第二位可以拯救世界的队友	第526章 第二位可以拯救世界的队友（6000求月票）	https://www.qidian.com/chapter/1025901449/685135633/	2021-11-24 23:10:16	6048	6278	3.8	36475	36595
527	528	黄赢，白显，金俊	第527章 黄赢，白显，金俊（5000求月票）	https://www.qidian.com/chapter/1025901449/685249825/	2021-11-25 17:13:37	5242	5476	4.5	36597	36717
528	529	心肺骤停！	第528章 心肺骤停！（5000求月票）	https://www.qidian.com/chapter/1025901449/685296126/	2021-11-25 23:15:19	5150	5385	4.6	36719	36838
529	530	天将降大任于斯人也	第529章 天将降大任于斯人也（4000求月票）	https://www.qidian.com/chapter/1025901449/685415076/	2021-11-26 14:17:52	4031	4227	4.9	36840	36941
530	531	第一公会幸福小区	第530章 第一公会幸福小区	https://www.qidian.com/chapter/1025901449/685485538/	2021-11-26 17:44:35	3022	3144	4.0	36943	37006
531	532	受害者均相貌出众	第531章 受害者均相貌出众（三更求月票）	https://www.qidian.com/chapter/1025901449/685529690/	2021-11-26 22:39:58	3023	3155	4.4	37008	37080
532	533	开门，我来送惊喜了	第532章 开门，我来送惊喜了（4000求月票）	https://www.qidian.com/chapter/1025901449/685613650/	2021-11-27 13:06:34	4079	4277	4.9	37082	37181
533	534	E级任务完美人格	第533章 E级任务完美人格（6000求月票）	https://www.qidian.com/chapter/1025901449/685660208/	2021-11-27 22:05:46	6026	6318	4.8	37183	37334
534	535	我来制作恐怖恋爱游戏	第534章 我来制作恐怖恋爱游戏（4000求月票）	https://www.qidian.com/chapter/1025901449/685709004/	2021-11-28 12:51:34	4084	4265	4.4	37336	37429
535	536	傅生和他的父亲	第535章 傅生和他的父亲（6000求月票）	https://www.qidian.com/chapter/1025901449/685756291/	2021-11-28 22:48:53	6044	6353	5.1	37431	37587
536	537	她们怎么都想杀我？	第536章 她们怎么都想杀我？（5000求月票）	https://www.qidian.com/chapter/1025901449/685811273/	2021-11-29 13:23:38	5057	5305	4.9	37589	37720
537	538	不死不休的恋爱	第537章 不死不休的恋爱（5200求月票）	https://www.qidian.com/chapter/1025901449/685957531/	2021-11-29 22:27:16	5260	5527	5.1	37722	37858
538	539	老师，我儿子还有救吗？	第538章 老师，我儿子还有救吗？（4000求月票）	https://www.qidian.com/chapter/1025901449/686086939/	2021-11-30 13:21:21	4073	4249	4.3	37860	37950
539	540	三个？你瞧不起谁呢？	第539章 三个？你瞧不起谁呢？（6000求月票）	https://www.qidian.com/chapter/1025901449/686230762/	2021-11-30 22:07:58	6402	6707	4.8	37952	38110
540	541	根据真实经历改编	第540章 根据真实经历改编	https://www.qidian.com/chapter/1025901449/686308496/	2021-12-01 12:26:15	3279	3413	4.1	38112	38183
541	542	解决傅生的学校问题	第541章 解决傅生的学校问题（5000）	https://www.qidian.com/chapter/1025901449/686421110/	2021-12-01 21:18:52	5028	5235	4.1	38185	38291
542	543	第一个神龛随机任务	第542章 第一个神龛随机任务（4000）	https://www.qidian.com/chapter/1025901449/686496079/	2021-12-02 10:46:15	4047	4245	4.9	38293	38393
543	544	量身定做的隐藏职业？	第543章 量身定做的隐藏职业？（5000）	https://www.qidian.com/chapter/1025901449/686840681/	2021-12-03 16:24:37	5120	5356	4.6	38395	38518
544	544	爱情是一把电锯	第544章 爱情是一把电锯（4000）	https://www.qidian.com/chapter/1025901449/686931927/	2021-12-04 02:03:00	4428	4624	4.4	38520	38619
545	545	十等分的男主	第545章 十等分的男主（回来了）	https://www.qidian.com/chapter/1025901449/690289380/	2021-12-25 13:59:07	4834	5018	3.8	38621	38717
546	546	愿意带沈洛玩的都是好兄弟	第546章 愿意带沈洛玩的都是好兄弟	https://www.qidian.com/chapter/1025901449/690334219/	2021-12-25 22:49:13	4024	4155	3.3	38719	38788
547	547	他有特殊的依仗	第547章 他有特殊的依仗	https://www.qidian.com/chapter/1025901449/690381388/	2021-12-26 14:19:58	4206	4369	3.9	38790	38874
548	548	傅生的第一步	第548章 傅生的第一步	https://www.qidian.com/chapter/1025901449/690423284/	2021-12-26 22:35:20	4252	4440	4.4	38876	38973
549	549	一切都在慢慢变好？	第549章 一切都在慢慢变好？	https://www.qidian.com/chapter/1025901449/690501217/	2021-12-27 14:14:09	4015	4201	4.6	38975	39071
550	550	最后一款游戏	第550章 最后一款游戏	https://www.qidian.com/chapter/1025901449/690597314/	2021-12-27 23:11:54	3903	4058	4.0	39073	39153
551	551	各怀鬼胎	第551章 各怀鬼胎	https://www.qidian.com/chapter/1025901449/690820694/	2021-12-28 18:49:27	4024	4185	4.0	39155	39239
552	552	韩非的主题曲	第552章 韩非的主题曲	https://www.qidian.com/chapter/1025901449/690937677/	2021-12-29 12:27:33	4216	4383	4.0	39241	39327
553	553	魅力负十四的男人	第553章 魅力负十四的男人	https://www.qidian.com/chapter/1025901449/690970711/	2021-12-29 19:28:00	3484	3646	4.6	39329	39412
554	554	我曾被她杀死过好几次	第554章 我曾被她杀死过好几次	https://www.qidian.com/chapter/1025901449/691083952/	2021-12-30 12:56:11	4056	4246	4.7	39414	39512
555	555	最温馨的时刻	第555章 最温馨的时刻	https://www.qidian.com/chapter/1025901449/691193447/	2021-12-30 21:41:23	4067	4248	4.5	39514	39606
556	556	绑“匪”	第556章 绑“匪”	https://www.qidian.com/chapter/1025901449/691349773/	2021-12-31 13:32:21	4332	4532	4.6	39608	39710
557	557	我有特殊的升级技巧	第557章 我有特殊的升级技巧	https://www.qidian.com/chapter/1025901449/691488394/	2021-12-31 22:59:19	4078	4244	4.1	39712	39798
558	558	二十级！	第558章 二十级！	https://www.qidian.com/chapter/1025901449/691604690/	2022-01-01 12:41:28	3474	3622	4.3	39800	39879
559	559	韩非和傅义的最大区别	第559章 韩非和傅义的最大区别	https://www.qidian.com/chapter/1025901449/691707513/	2022-01-01 22:17:50	4095	4267	4.2	39881	39969
560	560	改变命运的选择	第560章 改变命运的选择	https://www.qidian.com/chapter/1025901449/691834481/	2022-01-02 14:05:51	3831	4007	4.6	39971	40060
561	561	人生中最糟糕的一天？	第561章 人生中最糟糕的一天？	https://www.qidian.com/chapter/1025901449/691898990/	2022-01-02 20:33:58	2738	2878	5.1	40062	40133
562	562	我还是想要做他的榜样	第562章 我还是想要做他的榜样	https://www.qidian.com/chapter/1025901449/692076669/	2022-01-03 17:27:30	3470	3624	4.4	40135	40214
563	563	其实有一件事	第563章 其实有一件事	https://www.qidian.com/chapter/1025901449/692140053/	2022-01-03 23:31:52	3434	3627	5.6	40216	40317
564	564	父子	第564章 父子	https://www.qidian.com/chapter/1025901449/692261387/	2022-01-04 12:28:31	3037	3215	5.9	40319	40409
565	565	坦白一切	第565章 坦白一切	https://www.qidian.com/chapter/1025901449/692388720/	2022-01-04 18:58:08	3114	3270	5.0	40411	40492
566	566	最特殊的神龛称号	第566章 最特殊的神龛称号	https://www.qidian.com/chapter/1025901449/692523470/	2022-01-04 23:40:34	3277	3431	4.7	40494	40573
567	567	蔷薇发送来的信息	第567章 蔷薇发送来的信息	https://www.qidian.com/chapter/1025901449/692744879/	2022-01-05 13:32:20	3482	3645	4.7	40575	40657
568	568	那是什么东西？	第568章 那是什么东西？	https://www.qidian.com/chapter/1025901449/692991895/	2022-01-05 21:38:27	3438	3570	3.8	40659	40730
569	569	亲妈来了	第569章 亲妈来了	https://www.qidian.com/chapter/1025901449/693638937/	2022-01-06 18:56:16	4212	4458	5.8	40732	40860
570	570	新的护工叫做傅义	第570章 新的护工叫做傅义	https://www.qidian.com/chapter/1025901449/693789179/	2022-01-06 23:45:15	3287	3453	5.1	40862	40948
571	571	这未来已经改变	第571章 这未来已经改变	https://www.qidian.com/chapter/1025901449/694112568/	2022-01-07 19:18:01	4336	4505	3.9	40950	41036
572	572	美神的餐桌	第572章 美神的餐桌	https://www.qidian.com/chapter/1025901449/694204312/	2022-01-08 14:51:45	5073	5269	3.9	41038	41140
573	573	两项隐藏成就	第573章 两项隐藏成就	https://www.qidian.com/chapter/1025901449/694255934/	2022-01-08 23:18:06	2691	2831	5.2	41142	41213
574	574	我不敢接前妻的电话	第574章 我不敢接前妻的电话	https://www.qidian.com/chapter/1025901449/694318445/	2022-01-09 18:43:41	4035	4215	4.5	41215	41307
575	575	安心睡觉！	第575章 安心睡觉！	https://www.qidian.com/chapter/1025901449/694342914/	2022-01-09 22:37:30	2811	2933	4.3	41309	41373
576	576	死里逃生	第576章 死里逃生	https://www.qidian.com/chapter/1025901449/694412263/	2022-01-10 14:03:47	3120	3279	5.1	41375	41461
577	577	试用期的第二天	第577章 试用期的第二天	https://www.qidian.com/chapter/1025901449/694559043/	2022-01-10 22:24:36	3214	3348	4.2	41463	41532
578	578	齐聚整形医院	第578章 齐聚整形医院	https://www.qidian.com/chapter/1025901449/694754554/	2022-01-11 16:48:11	3515	3665	4.3	41534	41610
579	579	我想要做一只被你碾死的虫	第579章 我想要做一只被你碾死的虫	https://www.qidian.com/chapter/1025901449/694800119/	2022-01-11 22:15:18	2819	2940	4.3	41612	41671
580	580	我翻开他的简历一看	第580章 我翻开他的简历一看	https://www.qidian.com/chapter/1025901449/694926247/	2022-01-12 18:01:11	4021	4185	4.1	41673	41756
581	581	谁躲在她的床下？	第581章 谁躲在她的床下？	https://www.qidian.com/chapter/1025901449/694993886/	2022-01-12 23:19:45	2847	2984	4.8	41758	41830
582	582	暴风雨来临的前夜	第582章 暴风雨来临的前夜	https://www.qidian.com/chapter/1025901449/695093464/	2022-01-13 18:40:06	4092	4247	3.8	41832	41912
583	583	天眷的女孩	第583章 天眷的女孩	https://www.qidian.com/chapter/1025901449/695125803/	2022-01-13 23:40:27	3287	3428	4.3	41914	41987
584	584	难道这是个恐怖游戏？	第584章 难道这是个恐怖游戏？	https://www.qidian.com/chapter/1025901449/695245323/	2022-01-14 20:02:13	5606	5848	4.3	41989	42114
585	585	药	第585章 药	https://www.qidian.com/chapter/1025901449/695337909/	2022-01-15 19:26:30	4907	5167	5.3	42116	42248
586	586	秘密潜入	第586章 秘密潜入	https://www.qidian.com/chapter/1025901449/695418817/	2022-01-16 16:43:34	4067	4265	4.9	42250	42353
587	587	收服阿虫	第587章 收服阿虫	https://www.qidian.com/chapter/1025901449/695445935/	2022-01-16 21:50:49	3463	3608	4.2	42355	42435
588	588	韩非的治疗方案	第588章 韩非的治疗方案	https://www.qidian.com/chapter/1025901449/695599401/	2022-01-17 19:07:53	4608	4812	4.4	42437	42543
589	589	仅有的一缕光亮	第589章 仅有的一缕光亮	https://www.qidian.com/chapter/1025901449/695662417/	2022-01-17 23:45:09	2923	3076	5.2	42545	42623
590	590	七个科室，七种绝望	第590章 七个科室，七种绝望	https://www.qidian.com/chapter/1025901449/695918166/	2022-01-18 21:11:09	4437	4664	5.1	42625	42737
591	591	躯体变形障碍	第591章 躯体变形障碍	https://www.qidian.com/chapter/1025901449/695993503/	2022-01-19 12:57:28	3479	3658	5.1	42739	42827
592	592	顶尖玩家的格局	第592章 顶尖玩家的格局	https://www.qidian.com/chapter/1025901449/696132410/	2022-01-19 22:43:46	3523	3671	4.2	42829	42904
593	593	最特殊的神龛	第593章 最特殊的神龛	https://www.qidian.com/chapter/1025901449/696350632/	2022-01-20 23:23:48	4475	4677	4.5	42906	43010
594	594	你是我们最喜欢的玩具	第594章 你是我们最喜欢的玩具	https://www.qidian.com/chapter/1025901449/696561738/	2022-01-21 21:59:51	4489	4717	5.1	43012	43127
595	595	傅生的信任	第595章 傅生的信任	https://www.qidian.com/chapter/1025901449/696716469/	2022-01-22 22:35:05	4422	4622	4.5	43129	43228
596	596	狂笑和傅义	第596章 狂笑和傅义	https://www.qidian.com/chapter/1025901449/696800732/	2022-01-23 17:05:33	4308	4531	5.2	43230	43343
597	597	为什么妻子、前妻和女朋友们都想要杀你！	第597章 为什么妻子、前妻和女朋友们都想要杀你！	https://www.qidian.com/chapter/1025901449/696847908/	2022-01-23 23:44:29	3208	3366	4.9	43345	43428
598	598	美神的餐桌	第598章 美神的餐桌	https://www.qidian.com/chapter/1025901449/696995158/	2022-01-24 22:13:16	4277	4501	5.2	43430	43545
599	599	鬼夫	第599章 瑰夫	https://www.qidian.com/chapter/1025901449/697164749/	2022-01-25 21:53:27	4830	5068	4.9	43547	43667
600	600	他不是傅义！	第600章 他不是傅义！	https://www.qidian.com/chapter/1025901449/697377597/	2022-01-26 22:31:37	4478	4692	4.8	43669	43780
601	601	走吧，往前走，去更远的地方	第601章 走吧，往前走，去更远的地方	https://www.qidian.com/chapter/1025901449/697516281/	2022-01-27 22:46:29	5847	6158	5.3	43782	43941
602	602	徐琴的餐桌	第602章 徐琴的餐桌	https://www.qidian.com/chapter/1025901449/697626939/	2022-01-28 22:39:46	4761	4972	4.4	43943	44052
603	603	我向神灵许愿！	第603章 我向神灵许愿！	https://www.qidian.com/chapter/1025901449/697719353/	2022-01-29 22:22:51	4853	5066	4.4	44054	44163
604	604	死楼区域的第二位恨意	第604章 死楼区域的第二位恨意	https://www.qidian.com/chapter/1025901449/697793538/	2022-01-30 21:05:23	4035	4222	4.6	44165	44261
605	605	我可是专业的反派角色	第605章 我可是专业的反派角色	https://www.qidian.com/chapter/1025901449/697898468/	2022-01-31 21:04:04	4529	4704	3.9	44263	44351
606	606	六个演员和一位屠夫	第606章 六个演员和一位屠夫（新年快乐）	https://www.qidian.com/chapter/1025901449/697988131/	2022-02-01 17:50:50	4101	4269	4.1	44353	44440
607	607	偶尔治愈一下别人	第607章 偶尔治愈一下别人（大吉大利）	https://www.qidian.com/chapter/1025901449/698012620/	2022-02-01 23:22:16	3568	3707	3.9	44442	44515
608	608	不会撒谎的电梯	第608章 不会撒谎的电梯	https://www.qidian.com/chapter/1025901449/698187771/	2022-02-02 22:29:05	4216	4377	3.8	44517	44601
609	609	油画里的人出来了	第609章 油画里的人出来了	https://www.qidian.com/chapter/1025901449/698275860/	2022-02-03 23:28:57	4052	4227	4.3	44603	44694
610	610	被孤立的韩非	第610章 被孤立的韩非	https://www.qidian.com/chapter/1025901449/698326151/	2022-02-04 17:10:14	3717	3855	3.7	44696	44766
611	611	韩非的第一次直播	第611章 韩非的第一次直播	https://www.qidian.com/chapter/1025901449/698355178/	2022-02-04 23:01:14	4245	4430	4.4	44768	44863
612	612	他们抛弃了唯一的希望	第612章 他们抛弃了唯一的希望	https://www.qidian.com/chapter/1025901449/698411160/	2022-02-05 17:50:39	3621	3782	4.4	44865	44946
613	613	油漆工的过去	第613章 油漆工的过去	https://www.qidian.com/chapter/1025901449/698511294/	2022-02-06 21:08:51	4423	4651	5.2	44948	45062
614	614	真实的童年记忆？	第614章 真实的童年记忆？	https://www.qidian.com/chapter/1025901449/698606023/	2022-02-07 20:17:03	4129	4312	4.4	45064	45160
615	615	个人秀	第615章 个人秀	https://www.qidian.com/chapter/1025901449/698623407/	2022-02-08 18:00:00	4217	4429	5.0	45162	45271
616	616	编号四	第616章 编号四	https://www.qidian.com/chapter/1025901449/698936813/	2022-02-10 13:17:34	3869	4041	4.4	45273	45364
617	617	节目做没了	第617章 节目做没了	https://www.qidian.com/chapter/1025901449/699013766/	2022-02-10 21:53:22	3852	4004	3.9	45366	45445
618	618	最美味的食物	第618章 最美味的食物	https://www.qidian.com/chapter/1025901449/699168950/	2022-02-11 20:52:38	4424	4615	4.3	45447	45549
619	619	窗户里的怪物	第619章 窗户里的怪物	https://www.qidian.com/chapter/1025901449/699256298/	2022-02-12 19:39:20	4222	4402	4.3	45551	45644
620	620	D级诅咒物	第620章 D级诅咒物	https://www.qidian.com/chapter/1025901449/699366032/	2022-02-13 22:16:14	4041	4204	4.0	45646	45734
621	621	消失的小丑	第621章 消失的小丑	https://www.qidian.com/chapter/1025901449/699530070/	2022-02-14 18:43:43	4102	4290	4.6	45736	45833
622	622	那一天，他等到了那个人	第622章 那一天，他等到了那个人（元宵节快乐！）	https://www.qidian.com/chapter/1025901449/699666186/	2022-02-15 14:15:46	3241	3363	3.8	45835	45900
623	623	十万分之一的概率	第623章 十万分之一的概率	https://www.qidian.com/chapter/1025901449/699738487/	2022-02-15 22:01:48	3498	3608	3.1	45902	45964
624	624	该来的总会到来	第624章 该来的总会到来	https://www.qidian.com/chapter/1025901449/699897479/	2022-02-16 23:25:42	4076	4249	4.2	45966	46055
625	625	隐藏地图乐园	第625章 隐藏地图乐园	https://www.qidian.com/chapter/1025901449/700043941/	2022-02-17 21:44:47	4038	4211	4.3	46057	46149
626	626	D级神龛继承任务——复生	第626章 D级神龛继承任务——复生	https://www.qidian.com/chapter/1025901449/700170541/	2022-02-18 19:04:49	3049	3203	5.1	46151	46234
627	627	被害妄想症	第627章 被害妄想症	https://www.qidian.com/chapter/1025901449/700195759/	2022-02-18 23:13:40	3034	3191	5.2	46236	46318
628	628	谁在房间里	第628章 谁在房间里	https://www.qidian.com/chapter/1025901449/700280187/	2022-02-19 21:49:11	4019	4241	5.5	46320	46434
629	629	是你吗？	第629章 是你吗？	https://www.qidian.com/chapter/1025901449/700379113/	2022-02-20 22:27:48	5058	5314	5.1	46436	46568
630	630	99次	第630章 99次	https://www.qidian.com/chapter/1025901449/700503016/	2022-02-21 21:13:58	4087	4280	4.7	46570	46671
631	631	这次，她是唯一的希望	第631章 这次，她是唯一的希望	https://www.qidian.com/chapter/1025901449/700670833/	2022-02-22 22:17:20	2643	2756	4.3	46673	46731
632	632	陌生的父母	第632章 陌生的父母	https://www.qidian.com/chapter/1025901449/700804207/	2022-02-23 22:24:10	4243	4437	4.6	46733	46834
633	633	杀人魔和救赎者	第633章 杀人魔和救赎者	https://www.qidian.com/chapter/1025901449/700898015/	2022-02-24 17:14:05	3803	3976	4.5	46836	46925
634	634	我真的自己都害怕自己啊	第634章 我真的自己都害怕自己啊	https://www.qidian.com/chapter/1025901449/700937318/	2022-02-24 22:55:04	3417	3580	4.8	46927	47010
635	635	肉	第635章 肉	https://www.qidian.com/chapter/1025901449/701048493/	2022-02-25 21:30:23	3223	3379	4.8	47012	47093
636	636	帮手出现	第636章 帮手出现	https://www.qidian.com/chapter/1025901449/701146271/	2022-02-26 21:53:05	4212	4409	4.7	47095	47199
637	637	不能退出的死亡游戏	第637章 不能退出	https://www.qidian.com/chapter/1025901449/701189937/	2022-02-27 18:00:00	4074	4209	3.3	47201	47272
638	638	被弃养十一次的孩子	第638章 被弃养十一次的孩子	https://www.qidian.com/chapter/1025901449/701372413/	2022-02-28 22:32:34	2138	2230	4.3	47274	47321
639	639	韩非真正的家	第639章 韩非真正的家	https://www.qidian.com/chapter/1025901449/701551067/	2022-03-01 23:09:50	4208	4362	3.7	47323	47405
640	640	第一次捉鬼	第640章 第一次捉诡	https://www.qidian.com/chapter/1025901449/701733653/	2022-03-02 22:57:12	3114	3251	4.4	47407	47484
641	641	幸福是个杀人不眨眼的怪物，但我还是想要靠近它	第641章 幸福是个杀人不眨眼的怪物，但我还是想要靠近它	https://www.qidian.com/chapter/1025901449/701850059/	2022-03-03 18:17:48	4050	4194	3.6	47486	47571
642	642	刀	第642章 刀	https://www.qidian.com/chapter/1025901449/702065468/	2022-03-04 22:01:26	4120	4272	3.7	47573	47665
643	643	F	第643章 F	https://www.qidian.com/chapter/1025901449/702164753/	2022-03-05 22:45:59	4076	4228	3.7	47667	47756
644	644	疯子眼中的世界	第644章 疯子眼中的世界	https://www.qidian.com/chapter/1025901449/702263513/	2022-03-06 22:51:34	2630	2753	4.7	47758	47825
645	645	小丑的提示	第645章 小丑的提示	https://www.qidian.com/chapter/1025901449/702463214/	2022-03-07 20:58:24	2492	2603	4.5	47827	47877
646	646	幸福的心	第646章 幸福的心	https://www.qidian.com/chapter/1025901449/702482552/	2022-03-07 23:37:55	3681	3813	3.6	47879	47966
647	647	两位管理者的游戏	第647章 两位管理者的游戏	https://www.qidian.com/chapter/1025901449/702590820/	2022-03-08 22:03:44	4214	4353	3.3	47968	48055
648	648	编号零	第648章 编号零	https://www.qidian.com/chapter/1025901449/702720139/	2022-03-09 18:23:58	4019	4160	3.5	48057	48136
649	649	黑色头像	第649章 黑色头像	https://www.qidian.com/chapter/1025901449/702883567/	2022-03-10 19:08:34	4092	4276	4.5	48138	48233
650	650	我见过他回魂的样子	第650章 我见过他回魂的样子	https://www.qidian.com/chapter/1025901449/702955202/	2022-03-10 23:18:53	3205	3351	4.6	48235	48314
651	651	抢夺祭品	第651章 抢夺祭品	https://www.qidian.com/chapter/1025901449/703091017/	2022-03-11 22:45:46	4061	4234	4.3	48316	48403
652	652	午夜出租车	第652章 午夜出租车	https://www.qidian.com/chapter/1025901449/703185312/	2022-03-12 22:21:17	4060	4267	5.1	48405	48511
653	653	诡夜	第653章 诡夜	https://www.qidian.com/chapter/1025901449/703283658/	2022-03-13 22:35:37	4114	4285	4.2	48513	48602
654	654	第三位	第654章 第三位	https://www.qidian.com/chapter/1025901449/703444246/	2022-03-14 23:42:29	2806	2952	5.2	48604	48678
655	655	本能！	第655章 本能！	https://www.qidian.com/chapter/1025901449/703578536/	2022-03-15 22:20:56	4059	4234	4.3	48680	48770
656	656	八臂阎罗	第656章 八臂阎罗	https://www.qidian.com/chapter/1025901449/703988259/	2022-03-17 20:45:01	3831	3975	3.8	48772	48847
657	657	凶宅	第657章 凶宅	https://www.qidian.com/chapter/1025901449/704005863/	2022-03-17 23:11:35	2663	2765	3.8	48849	48904
658	658	招魂？还是征婚？	第658章 招魂？还是征婚？	https://www.qidian.com/chapter/1025901449/704215871/	2022-03-18 22:46:26	2411	2531	5.0	48906	48967
659	659	这不是我想吃的肉	第659章 这不是我想吃的肉	https://www.qidian.com/chapter/1025901449/704377183/	2022-03-19 20:13:33	4016	4185	4.2	48969	49055
660	660	偶尔放松一下	第660章 偶尔放松一下	https://www.qidian.com/chapter/1025901449/704488424/	2022-03-20 21:46:50	4446	4613	3.8	49057	49146
661	661	家的温馨	第661章 家的温馨	https://www.qidian.com/chapter/1025901449/704615159/	2022-03-21 22:16:22	2610	2774	6.3	49148	49233
662	662	猛鬼时间	第662章 猛诡时间	https://www.qidian.com/chapter/1025901449/704896247/	2022-03-22 22:15:30	4108	4314	5.0	49235	49343
663	663	开启记忆的钥匙	第663章 开启记忆的钥匙	https://www.qidian.com/chapter/1025901449/705497530/	2022-03-23 19:50:17	4313	4475	3.8	49345	49428
664	664	回到记忆开始的地方	第664章 回到记忆开始的地方	https://www.qidian.com/chapter/1025901449/705832233/	2022-03-24 22:30:32	4005	4194	4.7	49430	49526
665	665	深层世界的秘密	第665章 深层世界的秘密	https://www.qidian.com/chapter/1025901449/706095096/	2022-03-25 22:30:52	4031	4188	3.9	49528	49607
666	666	编号0000玩家请注意	第666章 编号0000玩家请注意	https://www.qidian.com/chapter/1025901449/706310636/	2022-03-26 22:23:24	2659	2762	3.9	49609	49663
667	667	韩非嫁鬼	第667章 韩非嫁诡	https://www.qidian.com/chapter/1025901449/706413829/	2022-03-27 19:28:21	4093	4298	5.0	49665	49772
668	668	全家福	第668章 全家福	https://www.qidian.com/chapter/1025901449/706568504/	2022-03-28 21:56:20	4152	4347	4.7	49774	49873
669	669	系红绳	第669章 系红绳	https://www.qidian.com/chapter/1025901449/706699429/	2022-03-29 21:31:38	4085	4243	3.9	49875	49958
670	670	你知我过去，我许你将来	第670章 你知我过去，我许你将来	https://www.qidian.com/chapter/1025901449/706788997/	2022-03-30 13:16:18	3227	3366	4.3	49960	50033
671	671	被诅咒的婚礼	第671章 被诅咒的婚礼	https://www.qidian.com/chapter/1025901449/706863165/	2022-03-30 22:06:34	2722	2854	4.8	50035	50104
672	672	大号回归	第672章 大号回归	https://www.qidian.com/chapter/1025901449/707007603/	2022-03-31 22:31:05	4146	4320	4.2	50106	50199
673	673	这算不算游戏彩蛋	第673章 这算不算游戏彩蛋	https://www.qidian.com/chapter/1025901449/707171925/	2022-04-01 22:22:36	4040	4217	4.4	50201	50289
674	674	从恶开始	第674章 从恶开始	https://www.qidian.com/chapter/1025901449/707338555/	2022-04-02 22:09:15	4428	4607	4.0	50291	50388
675	675	杀了它	第675章 杀了它	https://www.qidian.com/chapter/1025901449/707439574/	2022-04-03 22:01:08	4219	4350	3.1	50390	50476
676	676	丢了人心	第676章 丢了人心	https://www.qidian.com/chapter/1025901449/707511961/	2022-04-04 16:55:24	4058	4213	3.8	50478	50568
677	677	初代鬼的秘密	第677章 初代诡的秘密	https://www.qidian.com/chapter/1025901449/707641561/	2022-04-05 21:09:28	4049	4209	4.0	50570	50653
678	678	我选择的路	第678章 我选择的路	https://www.qidian.com/chapter/1025901449/707773721/	2022-04-06 18:07:06	4138	4311	4.2	50655	50746
679	679	被复活的女孩	第679章 被复活的女孩	https://www.qidian.com/chapter/1025901449/707971666/	2022-04-07 22:54:18	4228	4413	4.4	50748	50844
680	680	最初的深层世界管理者	第680章 最初的深层世界管理者	https://www.qidian.com/chapter/1025901449/708111544/	2022-04-08 22:31:10	4154	4307	3.7	50846	50925
681	681	五位管理者	第681章 五位管理者	https://www.qidian.com/chapter/1025901449/708213387/	2022-04-09 22:16:15	4706	4939	5.0	50927	51038
682	682	噩梦开始	第682章 噩梦开始	https://www.qidian.com/chapter/1025901449/708311081/	2022-04-10 21:35:32	4218	4455	5.6	51040	51135
683	683	你妻子在你女儿身体里	第683章 你妻子在你女儿身体里	https://www.qidian.com/chapter/1025901449/708577603/	2022-04-12 19:05:50	3034	3181	4.8	51137	51196
684	684	最佳员工小贾	第684章 最佳员工小贾	https://www.qidian.com/chapter/1025901449/708597056/	2022-04-12 22:26:34	2837	2962	4.4	51198	51262
685	685	他的噩梦堪比天灾	第685章 他的噩梦堪比天灾	https://www.qidian.com/chapter/1025901449/708726095/	2022-04-13 20:10:22	4010	4190	4.5	51264	51349
686	686	噩梦之源	第686章 噩梦之源	https://www.qidian.com/chapter/1025901449/708859984/	2022-04-14 20:36:26	2205	2303	4.4	51351	51393
687	687	即将揭晓的真相	第687章 即将揭晓的真相	https://www.qidian.com/chapter/1025901449/708997298/	2022-04-15 17:55:41	4334	4526	4.4	51395	51467
688	688	韩非的家人们	第688章 韩非的家人们	https://www.qidian.com/chapter/1025901449/709144600/	2022-04-16 22:09:47	4438	4646	4.7	51469	51563
689	689	阶段九	第689章 阶段九	https://www.qidian.com/chapter/1025901449/709244111/	2022-04-17 20:29:52	3354	3489	4.0	51565	51636
690	690	我多少级来着？	第690章 我多少级来着？	https://www.qidian.com/chapter/1025901449/709401657/	2022-04-18 22:36:08	3601	3704	2.9	51638	51703
691	691	全城灵异事件	第691章 全城灵异事件	https://www.qidian.com/chapter/1025901449/709562044/	2022-04-19 21:53:11	4083	4229	3.6	51705	51792
692	692	普通人平淡的一天	第692章 普通人平淡的一天	https://www.qidian.com/chapter/1025901449/709722649/	2022-04-20 21:48:53	3452	3621	4.9	51794	51887
693	693	梦的躯壳	第693章 梦的躯壳	https://www.qidian.com/chapter/1025901449/709907352/	2022-04-21 22:37:28	4027	4191	4.1	51889	51966
694	694	人间镜面	第694章 人间镜面	https://www.qidian.com/chapter/1025901449/710094140/	2022-04-22 21:46:50	4036	4239	5.0	51968	52059
695	695	D级专属屠刀	第695章 D级专属屠刀	https://www.qidian.com/chapter/1025901449/710193739/	2022-04-23 21:45:04	2475	2586	4.5	52061	52119
696	696	四号孩子的家	第696章 四号孩子的家	https://www.qidian.com/chapter/1025901449/710345768/	2022-04-24 21:39:56	4034	4198	4.1	52121	52201
697	697	有亲生父母的孤儿	第697章 有亲生父母的孤儿	https://www.qidian.com/chapter/1025901449/710459021/	2022-04-25 22:37:34	2406	2494	3.7	52203	52251
698	698	我们的照片	第698章 我们的照片	https://www.qidian.com/chapter/1025901449/710623661/	2022-04-26 21:42:52	4080	4259	4.4	52253	52348
699	699	水怪，水诡	第699章 水怪，水诡	https://www.qidian.com/chapter/1025901449/710761648/	2022-04-27 17:01:37	4121	4302	4.4	52350	52432
700	700	脑海，湖神	第700章 脑海，湖神	https://www.qidian.com/chapter/1025901449/710963493/	2022-04-28 19:19:17	4056	4224	4.1	52434	52512
701	701	沉入湖底的梦	第701章 沉入湖底的梦	https://www.qidian.com/chapter/1025901449/711128992/	2022-04-29 18:36:43	4228	4401	4.1	52514	52603
702	702	韩非参与的仪式	第702章 韩非参与的仪式	https://www.qidian.com/chapter/1025901449/711254839/	2022-04-30 22:05:21	3063	3195	4.3	52605	52670
703	703	梦的神龛	第703章 梦的神龛	https://www.qidian.com/chapter/1025901449/711348454/	2022-05-01 21:11:25	4413	4620	4.7	52672	52773
704	704	大孽苏醒的前兆	第704章 大孽苏醒的前兆	https://www.qidian.com/chapter/1025901449/711447905/	2022-05-02 22:19:43	4021	4211	4.7	52775	52869
705	705	你不觉得它很可爱吗？	第705章 你不觉得它很可爱吗？	https://www.qidian.com/chapter/1025901449/711533048/	2022-05-03 20:12:44	4158	4352	4.7	52871	52968
706	706	小八是一把钥匙	第706章 小八是一把钥匙	https://www.qidian.com/chapter/1025901449/711611412/	2022-05-04 20:06:00	4050	4218	4.1	52970	53052
707	707	它活在大家的身体里	第707章 它活在大家的身体里	https://www.qidian.com/chapter/1025901449/711741260/	2022-05-05 20:13:50	4275	4425	3.5	53054	53129
708	708	绝望深处，善意也从未离开	第708章 绝望深处，善意也从未离开	https://www.qidian.com/chapter/1025901449/711874444/	2022-05-06 18:23:05	4013	4177	4.1	53131	53221
709	709	祝福类特殊道具	第709章 祝福类特殊道具	https://www.qidian.com/chapter/1025901449/712058208/	2022-05-07 22:20:04	2816	2924	3.8	53223	53278
710	710	器官工厂	第710章 器官工厂	https://www.qidian.com/chapter/1025901449/712170924/	2022-05-08 21:44:52	4042	4216	4.3	53280	53348
711	711	首位治愈型人格	第711章 首位治愈型人格	https://www.qidian.com/chapter/1025901449/712507695/	2022-05-10 21:50:29	4070	4269	4.9	53350	53427
712	712	九十九段死亡记忆	第712章 九十九段死亡记忆	https://www.qidian.com/chapter/1025901449/712658776/	2022-05-11 22:11:41	4059	4188	3.2	53429	53499
713	713	韩非和狂笑的交易	第713章 韩非和狂笑的交易	https://www.qidian.com/chapter/1025901449/712913123/	2022-05-12 22:10:07	2824	2938	4.0	53501	53560
714	714	欺骗不可言说的演技	第714章 欺骗不可言说的演技	https://www.qidian.com/chapter/1025901449/713034489/	2022-05-13 21:12:00	2890	3023	4.6	53562	53617
715	715	鬼管理者	第715章 诡管理者	https://www.qidian.com/chapter/1025901449/713164154/	2022-05-14 21:35:03	4029	4207	4.4	53619	53702
716	716	无归路	第716章 无归路	https://www.qidian.com/chapter/1025901449/713215667/	2022-05-15 13:00:02	4063	4228	4.1	53704	53788
717	717	鬼的传承	第717章 诡的传承	https://www.qidian.com/chapter/1025901449/713263395/	2022-05-15 22:32:20	2933	3083	5.1	53790	53856
718	718	一百积分！	第718章 一百积分！	https://www.qidian.com/chapter/1025901449/713377098/	2022-05-16 22:09:52	3639	3779	3.8	53858	53925
719	719	乐园迷宫	第719章 乐园迷宫	https://www.qidian.com/chapter/1025901449/713649834/	2022-05-18 21:55:00	4208	4337	3.1	53927	53997
720	720	韩非和被毁容的韩非	第720章 韩非和被毁容的韩非	https://www.qidian.com/chapter/1025901449/713768306/	2022-05-19 21:43:58	4209	4402	4.6	53999	54102
721	721	人格休息的旅店	第721章 人格休息的旅店	https://www.qidian.com/chapter/1025901449/713886834/	2022-05-20 20:06:00	3448	3593	4.2	54104	54181
722	722	人格平等和死亡投票	第722章 人格平等和死亡投票	https://www.qidian.com/chapter/1025901449/714098293/	2022-05-21 23:09:04	2095	2178	4.0	54183	54226
723	723	凶手是谁已经不重要了	第723章 凶手是谁已经不重要了	https://www.qidian.com/chapter/1025901449/714179033/	2022-05-22 21:30:46	4142	4306	4.0	54228	54310
724	724	十分钟的杀戮时间	第724章 十分钟的杀戮时间	https://www.qidian.com/chapter/1025901449/714316112/	2022-05-23 21:54:09	3308	3452	4.4	54312	54385
725	725	明牌	第725章 明牌	https://www.qidian.com/chapter/1025901449/714611139/	2022-05-25 18:38:39	4337	4510	4.0	54387	54481
726	726	唯一的人格	第726章 唯一的人格	https://www.qidian.com/chapter/1025901449/714725535/	2022-05-26 18:40:55	4492	4718	5.0	54483	54594
727	727	乐园管理者韩非	第727章 乐园管理者韩非	https://www.qidian.com/chapter/1025901449/714867411/	2022-05-27 21:50:33	2857	2997	4.9	54596	54665
728	728	我，初代诡	第728章 我，初代诡	https://www.qidian.com/chapter/1025901449/714962283/	2022-05-28 22:50:21	2231	2371	6.3	54667	54721
729	729	活成了反派BOSS的模样	第729章 活成了反派BOSS的模样	https://www.qidian.com/chapter/1025901449/715043049/	2022-05-29 21:44:28	3417	3608	5.6	54723	54797
730	730	最后一搏	第730章 最后一搏	https://www.qidian.com/chapter/1025901449/715153008/	2022-05-30 20:51:38	3242	3436	6.0	54799	54868
731	731	属于韩非的城市	第731章 属于韩非的城市	https://www.qidian.com/chapter/1025901449/715212691/	2022-05-31 19:28:00	3240	3458	6.7	54870	54937
732	732	是英雄，也是魔鬼	第732章 是英雄，也是魔鬼	https://www.qidian.com/chapter/1025901449/715550277/	2022-06-01 22:58:25	4258	4471	5.0	54939	55034
733	733	风口浪尖	第733章 风口浪尖	https://www.qidian.com/chapter/1025901449/716093086/	2022-06-04 18:31:56	4244	4424	4.2	55036	55128
734	734	全民目击	第734章 全民目击	https://www.qidian.com/chapter/1025901449/716190960/	2022-06-05 21:33:10	4135	4322	4.5	55130	55227
735	735	二十四小时	第735章 二十四小时	https://www.qidian.com/chapter/1025901449/716322835/	2022-06-06 18:52:09	4016	4162	3.6	55229	55304
736	736	黄赢的成名之战	第736章 黄赢的成名之战	https://www.qidian.com/chapter/1025901449/716643563/	2022-06-08 18:53:48	5508	5782	5.0	55306	55445
737	737	对手戏	第737章 对手戏	https://www.qidian.com/chapter/1025901449/716797142/	2022-06-09 21:26:49	3319	3490	5.2	55447	55536
738	738	“生死竞速”	第738章 “生死竞速”	https://www.qidian.com/chapter/1025901449/716903885/	2022-06-10 18:32:17	4031	4215	4.6	55538	55634
739	739	洗脱嫌疑	第739章 洗脱嫌疑	https://www.qidian.com/chapter/1025901449/717026826/	2022-06-11 21:57:35	4274	4421	3.4	55636	55716
740	740	建造怪谈城市	第740章 建造怪谈城市	https://www.qidian.com/chapter/1025901449/717096504/	2022-06-12 18:36:51	3347	3484	4.1	55718	55789
741	741	韩非的家底	第741章 韩非的家底	https://www.qidian.com/chapter/1025901449/717224218/	2022-06-13 18:36:47	3617	3755	3.8	55791	55863
742	742	灵异侵入，狂笑和错乱	第742章 灵异侵入，狂笑和错乱	https://www.qidian.com/chapter/1025901449/717364999/	2022-06-14 20:11:26	4089	4275	4.5	55865	55952
743	743	今天也是厄运满满的一天呢	第743章 今天也是厄运满满的一天呢	https://www.qidian.com/chapter/1025901449/717490169/	2022-06-15 19:45:07	3648	3807	4.4	55954	56037
744	744	星期日	第744章 星期日	https://www.qidian.com/chapter/1025901449/717626235/	2022-06-16 21:48:25	3611	3776	4.6	56039	56128
745	745	恶煞和吉神	第745章 恶煞和吉神	https://www.qidian.com/chapter/1025901449/717843198/	2022-06-18 18:00:00	4601	4843	5.3	56130	56221
746	746	韩非的舞台	第746章 韩非的舞台	https://www.qidian.com/chapter/1025901449/717935084/	2022-06-19 18:26:33	3146	3224	2.5	56223	56268
747	747	迎新仪式	第747章 迎新仪式	https://www.qidian.com/chapter/1025901449/718056125/	2022-06-20 18:21:12	4057	4211	3.8	56270	56351
748	748	轻轻敲醒沉睡的心灵	第748章 轻轻敲醒沉睡的心灵	https://www.qidian.com/chapter/1025901449/718213565/	2022-06-21 21:43:12	3823	4003	4.7	56353	56448
749	749	这可太露骨了	第749章 这可太露骨了	https://www.qidian.com/chapter/1025901449/718325906/	2022-06-22 18:42:20	4069	4224	3.8	56450	56531
750	750	《黎明屠夫》赏析	第750章 《黎明屠夫》赏析	https://www.qidian.com/chapter/1025901449/718477004/	2022-06-23 21:06:51	3018	3142	4.1	56533	56598
751	751	死镜	第751章 死镜	https://www.qidian.com/chapter/1025901449/718753284/	2022-06-25 12:16:34	3458	3619	4.7	56600	56682
752	752	灰色地带	第752章 灰色地带	https://www.qidian.com/chapter/1025901449/718843996/	2022-06-25 21:39:57	3468	3601	3.8	56684	56751
753	753	阳光男孩韩非	第753章 阳光男孩韩非	https://www.qidian.com/chapter/1025901449/718911180/	2022-06-26 18:39:16	3504	3641	3.9	56753	56821
754	754	韩非的兴趣爱好	第754章 韩非的兴趣爱好	https://www.qidian.com/chapter/1025901449/719067769/	2022-06-27 22:03:50	2831	2957	4.5	56823	56896
755	755	中老年杀手俱乐部	第755章 中老年杀手俱乐部	https://www.qidian.com/chapter/1025901449/719121985/	2022-06-28 18:00:00	3815	3947	3.5	56898	56967
756	756	我有点怯场	第756章 我有点怯场	https://www.qidian.com/chapter/1025901449/719305351/	2022-06-29 21:25:59	3448	3606	4.6	56969	57053
757	757	舞者和花匠	第757章 舞者和花匠	https://www.qidian.com/chapter/1025901449/719427396/	2022-06-30 19:06:02	3461	3589	3.7	57055	57126
758	758	核心成员豚鼠面具	第758章 核心成员豚鼠面具	https://www.qidian.com/chapter/1025901449/719622240/	2022-07-01 21:05:52	3435	3579	4.2	57128	57205
759	759	线下聚会	第759章 线下聚会	https://www.qidian.com/chapter/1025901449/719668322/	2022-07-02 19:28:00	3024	3139	3.8	57207	57267
760	760	情绪杀人案	第760章 情绪杀人案	https://www.qidian.com/chapter/1025901449/719938246/	2022-07-04 20:44:33	4077	4219	3.5	57269	57348
761	761	死亡艺术比赛	第761章 死亡艺术比赛	https://www.qidian.com/chapter/1025901449/720057372/	2022-07-05 17:43:14	4013	4210	4.9	57350	57450
762	762	新作品《无人生还》	第762章 新作品《无人生还》	https://www.qidian.com/chapter/1025901449/720210777/	2022-07-06 18:00:00	3212	3346	4.2	57452	57522
763	763	晋升	第763章 晋升	https://www.qidian.com/chapter/1025901449/720430121/	2022-07-07 20:29:20	4232	4398	3.9	57524	57618
764	764	迟早把群友全部抓起来	第764章 迟早把群友全部抓起来	https://www.qidian.com/chapter/1025901449/720556768/	2022-07-08 22:11:51	3333	3468	4.1	57620	57693
765	765	寿囍镜子厂	第765章 寿囍镜子厂	https://www.qidian.com/chapter/1025901449/720647216/	2022-07-09 20:20:38	3940	4106	4.2	57695	57783
766	766	大雨还在下，我的心里好害怕	第766章 大雨还在下，我的心里好害怕	https://www.qidian.com/chapter/1025901449/720830744/	2022-07-11 18:24:25	3813	3976	4.3	57785	57872
767	767	魔鬼都没有你这么会精打细算	第767章 魔鬼都没有你这么会精打细算	https://www.qidian.com/chapter/1025901449/720963902/	2022-07-12 17:24:39	4217	4390	4.1	57874	57964
768	768	坦白局	第768章 坦白局	https://www.qidian.com/chapter/1025901449/721144971/	2022-07-13 22:59:06	2887	2995	3.7	57966	58022
769	769	韩非和狂笑的选择	第769章 韩非和狂笑的选择	https://www.qidian.com/chapter/1025901449/721267664/	2022-07-14 20:38:21	3667	3835	4.6	58024	58106
770	770	花匠的家	第770章 花匠的家	https://www.qidian.com/chapter/1025901449/721405437/	2022-07-15 20:11:50	3826	3992	4.3	58108	58196
771	771	无所畏惧的韩非	第771章 无所畏惧的韩非	https://www.qidian.com/chapter/1025901449/721501382/	2022-07-16 21:38:39	3288	3412	3.8	58198	58263
772	772	你被光砍过吗？	第772章 你被光砍过吗？	https://www.qidian.com/chapter/1025901449/721649226/	2022-07-18 12:51:35	3250	3329	2.4	58265	58332
773	773	治愈坏人的方法	第773章 治愈坏人的方法	https://www.qidian.com/chapter/1025901449/721716176/	2022-07-18 22:24:36	3017	3136	3.9	58334	58396
774	774	花园主人的线索	第774章 花园主人的线索	https://www.qidian.com/chapter/1025901449/721809128/	2022-07-19 18:48:15	4086	4231	3.5	58398	58477
775	775	判若两人	第775章 判若两人	https://www.qidian.com/chapter/1025901449/721934524/	2022-07-20 18:04:20	3809	3949	3.7	58479	58554
776	776	挑衅	第776章 挑衅	https://www.qidian.com/chapter/1025901449/722082460/	2022-07-21 21:09:56	3575	3736	4.5	58556	58639
777	777	新时代和旧时代夹缝中的我们	第777章 新时代和旧时代夹缝中的我们	https://www.qidian.com/chapter/1025901449/722221006/	2022-07-22 22:05:43	3284	3415	4.0	58641	58710
778	778	完成自己一直想做的事情	第778章 完成自己一直想做的事情	https://www.qidian.com/chapter/1025901449/722304596/	2022-07-23 21:23:43	3749	3928	4.8	58712	58803
779	779	D级隐藏地图	第779章 D级隐藏地图	https://www.qidian.com/chapter/1025901449/722380286/	2022-07-24 19:15:39	3617	3771	4.3	58805	58887
780	780	扭曲、畸形、罪恶	第780章 扭曲、畸形、罪恶	https://www.qidian.com/chapter/1025901449/722524560/	2022-07-25 19:58:53	3825	4002	4.6	58889	58981
781	781	沉默的鬼夫	第781章 沉默的瑰夫	https://www.qidian.com/chapter/1025901449/722686030/	2022-07-26 19:22:54	3539	3708	4.8	58983	59072
782	782	扭曲到令人恐惧的地方	第782章 扭曲到令人恐惧的地方	https://www.qidian.com/chapter/1025901449/722866376/	2022-07-27 21:26:13	2498	2569	2.8	59074	59112
783	783	鬼匠案	第783章 诡匠案	https://www.qidian.com/chapter/1025901449/723005379/	2022-07-28 21:00:13	3603	3744	3.9	59114	59188
784	784	完美融入当地居民的生活	第784章 完美融入当地居民的生活	https://www.qidian.com/chapter/1025901449/723119116/	2022-07-29 19:28:00	3656	3829	4.7	59190	59278
785	785	我就是红巷的规矩	第785章 我就是红巷的规矩	https://www.qidian.com/chapter/1025901449/723213803/	2022-07-30 18:00:00	3415	3549	3.9	59280	59351
786	786	灾诡	第786章 灾诡	https://www.qidian.com/chapter/1025901449/723302730/	2022-07-31 16:29:12	3655	3783	3.5	59353	59421
787	787	罪恶收藏家	第787章 罪恶收藏家	https://www.qidian.com/chapter/1025901449/723479699/	2022-08-01 21:36:29	3103	3219	3.7	59423	59484
788	788	夜警	第788章 夜警	https://www.qidian.com/chapter/1025901449/723604242/	2022-08-02 20:33:34	3433	3555	3.6	59486	59550
789	789	血中的人脸	第789章 血中的人脸	https://www.qidian.com/chapter/1025901449/723726089/	2022-08-03 21:03:58	3309	3448	4.2	59552	59630
790	790	全部	第790章 全部	https://www.qidian.com/chapter/1025901449/723825771/	2022-08-04 18:59:11	3744	3893	4.0	59632	59713
791	791	他是我选择的主角	第791章 他是我选择的主角	https://www.qidian.com/chapter/1025901449/723927861/	2022-08-05 18:45:01	3361	3474	3.4	59715	59784
792	792	掘墓者	第792章 掘墓者	https://www.qidian.com/chapter/1025901449/724027528/	2022-08-06 21:57:29	2050	2124	3.6	59786	59827
793	793	D级任务鬼牌案	第793章 D级任务鬼牌案	https://www.qidian.com/chapter/1025901449/724083348/	2022-08-07 16:05:35	3847	3992	3.8	59829	59907
794	794	恐惧小孩	第794章 恐惧小孩	https://www.qidian.com/chapter/1025901449/724221716/	2022-08-08 18:51:26	3877	4025	3.8	59909	59990
795	795	这可是我的专业领域！	第795章 这可是我的专业领域！	https://www.qidian.com/chapter/1025901449/724373722/	2022-08-09 17:55:31	4230	4380	3.5	59992	60075
796	796	毒妇	第796章 毒妇	https://www.qidian.com/chapter/1025901449/724484265/	2022-08-10 18:00:00	3715	3869	4.1	60077	60157
797	797	编号二	第797章 编号二	https://www.qidian.com/chapter/1025901449/724588131/	2022-08-11 18:00:00	3677	3823	4.0	60159	60238
798	798	他是真正的天才	第798章 他是真正的天才	https://www.qidian.com/chapter/1025901449/724722533/	2022-08-12 18:00:00	3619	3757	3.8	60240	60315
799	799	我好害怕，但我是装的	第799章 我好害怕，但我是装的	https://www.qidian.com/chapter/1025901449/724830538/	2022-08-13 17:21:50	2814	2928	4.1	60317	60375
800	800	我们四个很强	第800章 我们四个很强	https://www.qidian.com/chapter/1025901449/724915215/	2022-08-14 17:45:37	3225	3336	3.4	60377	60437
801	801	唯一的黑夜	第801章 唯一的黑夜	https://www.qidian.com/chapter/1025901449/725376313/	2022-08-16 17:30:35	3497	3633	3.9	60439	60510
802	802	食肉日	第802章 食肉日	https://www.qidian.com/chapter/1025901449/725666154/	2022-08-17 15:45:59	3602	3743	3.9	60512	60585
803	803	死亡，还是新生	第803章 死亡，还是新生	https://www.qidian.com/chapter/1025901449/725789275/	2022-08-18 17:54:48	4209	4379	4.0	60587	60674
804	804	夜幕中的英雄	第804章 夜幕中的英雄	https://www.qidian.com/chapter/1025901449/725912582/	2022-08-19 18:38:35	2727	2835	4.0	60676	60732
805	805	记忆融合的征兆	第805章 记忆融合的征兆	https://www.qidian.com/chapter/1025901449/725996738/	2022-08-20 18:12:37	2646	2756	4.2	60734	60790
806	806	新沪入夜了	第806章 新沪入夜了	https://www.qidian.com/chapter/1025901449/726078044/	2022-08-21 18:00:23	2869	3002	4.6	60792	60858
807	807	没关系，还有我	第807章 没关系，还有我	https://www.qidian.com/chapter/1025901449/726202861/	2022-08-22 19:05:12	2139	2223	3.9	60860	60905
808	808	我摊牌了	第808章 我摊牌了	https://www.qidian.com/chapter/1025901449/726337579/	2022-08-23 18:00:47	3923	4071	3.8	60907	60985
809	809	超级罪犯沈洛	第809章 超级罪犯沈洛	https://www.qidian.com/chapter/1025901449/726468193/	2022-08-24 19:59:00	3527	3687	4.5	60987	61066
810	810	完美背锅侠	第810章 完美背锅侠	https://www.qidian.com/chapter/1025901449/726584904/	2022-08-25 18:27:49	3417	3581	4.8	61068	61152
811	811	起初只是小小的不正常	第811章 起初只是小小的不正常	https://www.qidian.com/chapter/1025901449/726741705/	2022-08-26 17:33:13	3498	3649	4.3	61154	61228
812	812	疯子眼中的世界变为现实	第812章 疯子眼中的世界变为现实	https://www.qidian.com/chapter/1025901449/726913236/	2022-08-28 20:02:56	3692	3858	4.5	61230	61316
813	813	摩天大楼的生桩	第813章 摩天大楼的生桩	https://www.qidian.com/chapter/1025901449/727031073/	2022-08-29 21:06:08	3437	3565	3.7	61318	61388
814	814	太太，您要找的是这个恶之魂吗？	第814章 太太，您要找的是这个恶之魂吗？	https://www.qidian.com/chapter/1025901449/727130612/	2022-08-30 21:48:11	3522	3686	4.7	61390	61475
815	815	不可言说的恐怖	第815章 不可言说的恐怖	https://www.qidian.com/chapter/1025901449/727219895/	2022-08-31 18:48:10	2827	2937	3.9	61477	61537
816	816	五十一层	第816章 五十一层	https://www.qidian.com/chapter/1025901449/727328873/	2022-09-01 20:18:05	2886	3002	4.0	61539	61599
817	817	有丝分裂	第817章 有丝分裂	https://www.qidian.com/chapter/1025901449/727441966/	2022-09-02 20:39:20	3551	3701	4.2	61601	61682
818	818	死亡之屋	第818章 死亡之屋	https://www.qidian.com/chapter/1025901449/727596792/	2022-09-04 20:58:04	4290	4449	3.7	61684	61770
819	819	他们回来了	第819章 他们回来了	https://www.qidian.com/chapter/1025901449/727757428/	2022-09-05 20:49:29	3737	3891	4.1	61772	61855
820	820	最恐怖、最绝望、最疯狂的班级	第820章 最恐怖、最绝望、最疯狂的班级	https://www.qidian.com/chapter/1025901449/727848231/	2022-09-06 18:00:21	2859	2986	4.4	61857	61922
821	821	没有明天的我们	第821章 没有明天的我们	https://www.qidian.com/chapter/1025901449/727963834/	2022-09-07 18:00:00	3644	3778	3.7	61924	61996
822	822	高诚	第822章 高诚	https://www.qidian.com/chapter/1025901449/728115633/	2022-09-08 19:13:43	3810	3954	3.8	61998	62076
823	823	交织缠绕的命运	第823章 交织缠绕的命运	https://www.qidian.com/chapter/1025901449/728237230/	2022-09-09 18:21:17	3864	4016	3.9	62078	62155
824	824	怪物是指像我这样的人吗？	第824章 怪物是指像我这样的人吗？	https://www.qidian.com/chapter/1025901449/728346149/	2022-09-10 18:56:39	3814	3986	4.5	62157	62251
825	825	贪欲人格，人性深渊	第825章 贪欲人格，人性深渊	https://www.qidian.com/chapter/1025901449/728419408/	2022-09-11 18:32:47	3667	3829	4.4	62253	62337
826	826	模范师生关系	第826章 模范师生关系	https://www.qidian.com/chapter/1025901449/728490675/	2022-09-12 16:45:18	3656	3796	3.8	62339	62413
827	827	幸运值拉满的韩非	第827章 幸运值拉满的韩非	https://www.qidian.com/chapter/1025901449/728604751/	2022-09-13 17:33:00	3827	3977	3.9	62415	62497
828	828	血宴	第828章 血宴	https://www.qidian.com/chapter/1025901449/728718979/	2022-09-14 18:22:08	3694	3849	4.2	62499	62583
829	829	那是他的妈妈	第829章 那是他的妈妈	https://www.qidian.com/chapter/1025901449/728807711/	2022-09-15 17:33:00	3838	4002	4.3	62585	62672
830	830	兑换鬼怪	第830章 兑换诡怪	https://www.qidian.com/chapter/1025901449/728988645/	2022-09-16 20:56:20	3629	3779	4.1	62674	62752
831	831	考核前的最后准备	第831章 考核前的最后准备	https://www.qidian.com/chapter/1025901449/729066979/	2022-09-17 17:19:52	3677	3819	3.9	62754	62828
832	832	你这是表演型人格？	第832章 你这是表演型人格？	https://www.qidian.com/chapter/1025901449/729134503/	2022-09-18 14:57:08	4011	4162	3.8	62830	62909
833	833	治愈系人格治死了人？	第833章 治愈系人格治死了人？	https://www.qidian.com/chapter/1025901449/729241555/	2022-09-19 18:12:28	4033	4202	4.2	62911	62999
834	834	仰望星辰，俯视深渊	第834章 仰望星辰，俯视深渊	https://www.qidian.com/chapter/1025901449/729363739/	2022-09-20 17:39:43	3489	3651	4.6	63001	63086
835	835	血肉神像	第835章 血肉神像	https://www.qidian.com/chapter/1025901449/729506541/	2022-09-21 20:02:27	3536	3683	4.2	63088	63165
836	836	韩非医生和丧女护士	第836章 韩非医生和丧女护士	https://www.qidian.com/chapter/1025901449/729602812/	2022-09-22 17:32:26	3636	3783	4.0	63167	63245
837	837	天生的祭品人格	第837章 天生的祭品人格	https://www.qidian.com/chapter/1025901449/729780906/	2022-09-23 20:08:51	3433	3563	3.8	63247	63318
838	838	怪物们到齐了	第838章 怪物们到齐了	https://www.qidian.com/chapter/1025901449/729844665/	2022-09-24 17:56:00	3683	3830	4.0	63320	63397
839	839	考核开始	第839章 考核开始（5000）	https://www.qidian.com/chapter/1025901449/730038275/	2022-09-26 16:57:16	5010	5194	3.7	63399	63495
840	840	奇迹人格	第840章 奇迹人格	https://www.qidian.com/chapter/1025901449/730156253/	2022-09-27 17:45:21	4261	4435	4.1	63497	63585
841	841	一个都不许少	第841章 一个都不许少	https://www.qidian.com/chapter/1025901449/730227011/	2022-09-28 17:33:00	4074	4236	4.0	63587	63671
842	842	直到我如愿以偿	第842章 直到我如愿以偿	https://www.qidian.com/chapter/1025901449/730462561/	2022-09-29 16:24:37	3704	3862	4.3	63673	63755
843	843	灾厄调查局	第843章 灾厄调查局	https://www.qidian.com/chapter/1025901449/730580660/	2022-09-30 18:18:08	3831	3988	4.1	63757	63841
844	844	他满脸都写着教书育人、救死扶伤	第844章 他满脸都写着教书育人、救死扶伤	https://www.qidian.com/chapter/1025901449/730659685/	2022-10-01 18:41:01	3537	3663	3.6	63843	63908
845	845	原来他献祭了自己	第845章 原来他献祭了自己	https://www.qidian.com/chapter/1025901449/730732485/	2022-10-02 17:59:15	3617	3743	3.5	63910	63978
846	846	鬼王游街，与罪同行	第846章 鬼王游街，与罪同行	https://www.qidian.com/chapter/1025901449/730804851/	2022-10-03 15:42:10	3815	3956	3.7	63980	64053
847	847	这就是我吸引鬼怪的方式	第847章 这就是我吸引诡怪的方式	https://www.qidian.com/chapter/1025901449/730902116/	2022-10-04 21:39:32	3425	3592	4.9	64055	64142
848	848	过去的痛苦好像深海	第848章 过去的痛苦好像深海	https://www.qidian.com/chapter/1025901449/731013702/	2022-10-06 13:14:04	4212	4384	4.1	64144	64231
849	849	溢满绝望的双眼	第849章 溢满绝望的双眼	https://www.qidian.com/chapter/1025901449/731113598/	2022-10-07 21:20:54	4057	4216	3.9	64233	64314
850	850	六次觉醒的人格	第850章 六次觉醒的人格	https://www.qidian.com/chapter/1025901449/731195234/	2022-10-08 19:00:47	4115	4311	4.8	64316	64416
851	851	高诚的心愿	第851章 高诚的心愿	https://www.qidian.com/chapter/1025901449/731255177/	2022-10-09 17:33:00	4118	4268	3.6	64418	64495
852	852	他对工作有种过分的热情	第852章 他对工作有种过分的热情	https://www.qidian.com/chapter/1025901449/731443798/	2022-10-10 20:27:28	3852	4014	4.2	64497	64584
853	853	温柔、美丽、默默承受的妈妈	第853章 温柔、美丽、默默承受的妈妈	https://www.qidian.com/chapter/1025901449/731551929/	2022-10-11 20:20:33	3205	3324	3.7	64586	64649
854	854	韩非的疯狂想法	第854章 韩非的疯狂想法	https://www.qidian.com/chapter/1025901449/731647944/	2022-10-12 18:35:09	4011	4180	4.2	64651	64738
855	855	趁着天黑，好好收拾下我的玩具	第855章 趁着天黑，好好收拾下我的玩具	https://www.qidian.com/chapter/1025901449/731752295/	2022-10-13 21:00:44	3616	3759	4.0	64740	64814
856	856	我“鬼混”回来了	第856章 我“鬼混”回来了	https://www.qidian.com/chapter/1025901449/731856452/	2022-10-14 20:00:54	4575	4769	4.2	64816	64917
857	857	篡神的第一步	第857章 篡神的第一步	https://www.qidian.com/chapter/1025901449/731937683/	2022-10-15 21:14:15	3920	3918	-0.1	64919	65079
858	858	未知等级天赋	第858章 未知等级天赋	https://www.qidian.com/chapter/1025901449/732081097/	2022-10-17 16:39:14	3613	3746	3.7	65081	65151
859	859	独自撑起一个部门	第859章 独自撑起一个部门	https://www.qidian.com/chapter/1025901449/732260437/	2022-10-18 21:25:03	3040	3152	3.7	65153	65213
860	860	一级红色预警，韩非	第860章 一级红色预警，韩非	https://www.qidian.com/chapter/1025901449/732380581/	2022-10-19 22:15:10	3259	3366	3.3	65215	65275
861	861	演员的宿命	第861章 演员的宿命	https://www.qidian.com/chapter/1025901449/732516917/	2022-10-20 20:34:22	3410	3541	3.8	65277	65344
862	862	除灵仪式	第862章 除灵仪式	https://www.qidian.com/chapter/1025901449/732628078/	2022-10-21 18:07:09	3232	3347	3.6	65346	65404
863	863	天赋能力无知者无畏	第863章 天赋能力无知者无畏	https://www.qidian.com/chapter/1025901449/732716932/	2022-10-22 21:26:49	3301	3424	3.7	65406	65470
864	864	新仇旧恨！	第864章 新仇旧恨！	https://www.qidian.com/chapter/1025901449/732826744/	2022-10-24 10:40:04	3265	3392	3.9	65472	65540
865	865	藏在罐中的大脑	第865章 藏在罐中的大脑	https://www.qidian.com/chapter/1025901449/732892936/	2022-10-24 20:58:35	2704	2818	4.2	65542	65600
866	866	入院	第866章 入院	https://www.qidian.com/chapter/1025901449/732983384/	2022-10-25 19:34:48	3688	3845	4.3	65602	65686
867	867	他们的恐惧在我之下	第867章 他们的恐惧在我之下	https://www.qidian.com/chapter/1025901449/733095717/	2022-10-26 21:09:00	4209	4410	4.8	65688	65789
868	868	我在这里	第868章 我在这里	https://www.qidian.com/chapter/1025901449/733184624/	2022-10-27 17:39:07	3466	3638	5.0	65791	65878
869	869	逃出精神鬼域	第869章 逃出精神诡蜮	https://www.qidian.com/chapter/1025901449/733287922/	2022-10-28 15:41:41	3224	3381	4.9	65880	65961
870	870	杀掉我之前请温柔	第870章 杀掉我之前请温柔	https://www.qidian.com/chapter/1025901449/733386498/	2022-10-29 18:46:42	3443	3592	4.3	65963	66039
871	871	七次觉醒的贪欲人格	第871章 七次觉醒的贪欲人格	https://www.qidian.com/chapter/1025901449/733436143/	2022-10-30 12:09:09	3741	3907	4.4	66041	66126
872	872	二次献祭	第872章 二次献祭	https://www.qidian.com/chapter/1025901449/733552123/	2022-10-31 17:59:23	2819	2935	4.1	66128	66191
873	873	黑楼跌倒，韩非吃饱	第873章 黑楼跌倒，韩非吃饱	https://www.qidian.com/chapter/1025901449/733733387/	2022-11-01 14:23:44	3530	3653	3.5	66193	66257
874	874	消失的老人们	第874章 消失的老人们	https://www.qidian.com/chapter/1025901449/734055892/	2022-11-02 11:00:22	3444	3600	4.5	66259	66338
875	875	傅家祠堂	第875章 傅家祠堂	https://www.qidian.com/chapter/1025901449/734417831/	2022-11-03 13:02:22	3533	3694	4.6	66340	66425
876	876	长寿、天年、不死、永生	第876章 长寿、天年、不死、永生	https://www.qidian.com/chapter/1025901449/734561108/	2022-11-04 12:11:04	3419	3570	4.4	66427	66506
877	877	吃时间的鬼	第877章 吃时间的诡	https://www.qidian.com/chapter/1025901449/734662233/	2022-11-05 12:08:24	3454	3597	4.1	66508	66582
878	878	看不见的朋友	第878章 看不见的朋友	https://www.qidian.com/chapter/1025901449/734875746/	2022-11-06 17:51:44	3281	3448	5.1	66584	66671
879	879	灾厄见证者	第879章 灾厄见证者	https://www.qidian.com/chapter/1025901449/734961759/	2022-11-07 16:40:20	3530	3704	4.9	66673	66762
880	880	十三组的怪物们！	第880章 十三组的怪物们！	https://www.qidian.com/chapter/1025901449/735064501/	2022-11-08 12:25:10	3560	3692	3.7	66764	66832
881	881	韩非的野心，侵吞城市	第881章 韩非的野心，侵吞城市	https://www.qidian.com/chapter/1025901449/735167639/	2022-11-09 12:45:25	4041	4165	3.1	66834	66900
882	882	大孽的眼睛	第882章 大孽的眼睛	https://www.qidian.com/chapter/1025901449/735298629/	2022-11-10 14:54:32	3015	3145	4.3	66902	66970
883	883	敢杀我的马？	第883章 敢杀我的马？	https://www.qidian.com/chapter/1025901449/735375510/	2022-11-11 10:18:33	3002	3142	4.7	66972	67045
884	884	悍匪的风格	第884章 悍匪的风格	https://www.qidian.com/chapter/1025901449/735501396/	2022-11-12 20:36:53	2853	2972	4.2	67047	67105
885	885	残暴人格	第885章 残暴人格	https://www.qidian.com/chapter/1025901449/735571556/	2022-11-13 17:00:27	3471	3630	4.6	67107	67189
886	886	摘取神灵的双眼	第886章 摘取神灵的双眼	https://www.qidian.com/chapter/1025901449/735690208/	2022-11-14 12:15:14	3107	3227	3.9	67191	67251
887	887	那就让他的生日和忌日在同一天	第887章 那就让他的生日和忌日在同一天	https://www.qidian.com/chapter/1025901449/735825422/	2022-11-15 16:13:22	3030	3146	3.8	67253	67314
888	888	冲霄！	第888章 冲霄！	https://www.qidian.com/chapter/1025901449/735912196/	2022-11-16 11:22:30	3111	3281	5.5	67316	67402
889	889	那一刻，他的世界坍塌了	第889章 那一刻，他的世界坍塌了	https://www.qidian.com/chapter/1025901449/736074751/	2022-11-17 20:14:32	2704	2844	5.2	67404	67475
890	890	灾厄的顶点	第890章 灾厄的顶点	https://www.qidian.com/chapter/1025901449/736169328/	2022-11-18 18:24:36	3417	3587	5.0	67477	67561
891	891	隐藏职业刑夫	第891章 隐藏职业刑夫	https://www.qidian.com/chapter/1025901449/736240199/	2022-11-19 15:56:07	2911	3031	4.1	67563	67626
892	892	八次觉醒！改写命运！	第892章 八次觉醒！改写命运！	https://www.qidian.com/chapter/1025901449/736298155/	2022-11-20 11:02:45	3211	3330	3.7	67628	67695
893	893	疯狂的计划	第893章 疯狂的计划	https://www.qidian.com/chapter/1025901449/736372384/	2022-11-21 11:13:28	3232	3371	4.3	67697	67768
894	894	逆袭的开始	第894章 逆袭的开始	https://www.qidian.com/chapter/1025901449/736497373/	2022-11-22 18:35:53	2840	2937	3.4	67770	67824
895	895	第四据点	第895章 第四据点	https://www.qidian.com/chapter/1025901449/736596218/	2022-11-23 18:07:30	3013	3141	4.2	67826	67890
896	896	恨意收集者	第896章 恨意收集者	https://www.qidian.com/chapter/1025901449/736684997/	2022-11-24 15:27:30	3013	3115	3.4	67892	67951
897	897	幻想中美满的家庭	第897章 幻想中美满的家庭	https://www.qidian.com/chapter/1025901449/737117630/	2022-11-26 17:09:03	3440	3560	3.5	67953	68016
898	898	鬼母？圣母？	第898章 诡母？圣母？	https://www.qidian.com/chapter/1025901449/737190467/	2022-11-27 17:06:39	3443	3561	3.4	68018	68071
899	899	多么丑陋的永生啊	第899章 多么丑陋的永生啊	https://www.qidian.com/chapter/1025901449/737324633/	2022-11-28 18:20:08	2432	2513	3.3	68073	68117
900	900	钓魂	第900章 钓魂	https://www.qidian.com/chapter/1025901449/737516068/	2022-11-29 18:29:53	3234	3366	4.1	68119	68187
901	901	这是个什么东西啊！	第901章 这是个什么东西啊！	https://www.qidian.com/chapter/1025901449/737593630/	2022-11-30 12:38:19	2835	2955	4.2	68189	68251
902	902	永生的代价	第902章 永生的代价	https://www.qidian.com/chapter/1025901449/737674413/	2022-12-01 10:01:18	2437	2513	3.1	68253	68292
903	903	哪怕成为怪物	第903章 哪怕成为怪物	https://www.qidian.com/chapter/1025901449/737785604/	2022-12-02 12:14:50	2436	2540	4.3	68294	68347
904	904	在我自己的神龛里怎么输？	第904章 在我自己的神龛里怎么输？（5000）	https://www.qidian.com/chapter/1025901449/737891246/	2022-12-03 18:35:19	5082	5276	3.8	68349	68443
905	905	人格的极限	第905章 人格的极限	https://www.qidian.com/chapter/1025901449/737940448/	2022-12-04 12:27:08	2467	2557	3.6	68445	68487
906	906	你和我都是孤独的鬼	第906章 你和我都是孤独的鬼	https://www.qidian.com/chapter/1025901449/738009383/	2022-12-05 11:56:23	2831	2962	4.6	68489	68555
907	907	无畏是向奇迹迈出的第一步	第907章 无畏是向奇迹迈出的第一步	https://www.qidian.com/chapter/1025901449/738155165/	2022-12-07 08:08:00	3693	3835	3.8	68557	68629
908	908	全疯了	第908章 全疯了	https://www.qidian.com/chapter/1025901449/738273108/	2022-12-08 08:08:00	2940	3060	4.1	68631	68692
909	909	你们的老师来了	第909章 你们的老师来了	https://www.qidian.com/chapter/1025901449/738370284/	2022-12-09 09:10:05	2821	2914	3.3	68694	68745
910	910	希望新城的最后希望	第910章 希望新城的最后希望	https://www.qidian.com/chapter/1025901449/738377468/	2022-12-10 07:59:00	2719	2843	4.6	68747	68810
911	911	歇斯底里的狂笑声	第911章 歇斯底里的狂笑声	https://www.qidian.com/chapter/1025901449/738525265/	2022-12-11 09:46:51	2861	2963	3.6	68812	68864
912	912	崭新的世界	第912章 崭新的世界	https://www.qidian.com/chapter/1025901449/738531778/	2022-12-11 12:01:33	3079	3182	3.3	68866	68919
913	913	神灵的弱点	第913章 神灵的弱点	https://www.qidian.com/chapter/1025901449/738531829/	2022-12-11 12:03:24	2852	2965	4.0	68921	68980
914	914	你愿意成为爸爸和妈妈的眼睛吗？	第914章 你愿意成为爸爸和妈妈的眼睛吗？	https://www.qidian.com/chapter/1025901449/738614282/	2022-12-12 12:50:55	3051	3169	3.9	68982	69042
915	915	生于恨，死于爱	第915章 生于恨，死于爱	https://www.qidian.com/chapter/1025901449/738701684/	2022-12-13 12:00:26	2856	2967	3.9	69044	69101
916	916	C级诅咒物合照	第916章 C级诅咒物合照	https://www.qidian.com/chapter/1025901449/738806773/	2022-12-14 12:11:00	3016	3122	3.5	69103	69160
917	917	禁楼A级研究员韩非	第917章 禁楼A级研究员韩非	https://www.qidian.com/chapter/1025901449/738922501/	2022-12-15 12:23:34	3115	3215	3.2	69162	69221
918	918	发生在未来的真相	第918章 发生在未来的真相	https://www.qidian.com/chapter/1025901449/739025497/	2022-12-16 16:58:25	3127	3255	4.1	69223	69292
919	919	惊人的发现	第919章 惊人的发现	https://www.qidian.com/chapter/1025901449/739157486/	2022-12-18 17:43:10	3082	3198	3.8	69294	69356
920	920	狂笑的家	第920章 狂笑的家	https://www.qidian.com/chapter/1025901449/739251616/	2022-12-19 17:16:28	3071	3174	3.4	69358	69412
921	921	大概能算是个好消息	第921章 大概能算是个好消息	https://www.qidian.com/chapter/1025901449/739307006/	2022-12-20 12:17:18	2907	3029	4.2	69414	69476
922	922	电梯里的神像	第922章 电梯里的神像	https://www.qidian.com/chapter/1025901449/739400155/	2022-12-21 17:53:55	3001	3133	4.4	69478	69547
923	923	傅谨	第923章 傅谨	https://www.qidian.com/chapter/1025901449/739440778/	2022-12-22 10:48:58	2065	2151	4.2	69549	69594
924	924	上天赋予最绝望那个人的希望	第924章 上天赋予最绝望那个人的希望	https://www.qidian.com/chapter/1025901449/739747874/	2022-12-26 16:47:53	2828	2942	4.0	69596	69656
925	925	连接两个世界的桥	第925章 连接两个世界的桥	https://www.qidian.com/chapter/1025901449/739840813/	2022-12-27 16:18:45	2673	2780	4.0	69658	69713
926	926	我想去阴间冷静一下	第926章 我想去阴间冷静一下	https://www.qidian.com/chapter/1025901449/739928650/	2022-12-28 16:14:42	2883	3004	4.2	69715	69777
927	927	地狱的十九层连接着人间	第927章 地狱的十九层连接着人间	https://www.qidian.com/chapter/1025901449/740039193/	2022-12-29 21:08:24	2220	2300	3.6	69779	69820
928	928	黑箱深处	第928章 黑箱深处	https://www.qidian.com/chapter/1025901449/740110296/	2022-12-30 17:14:54	2715	2837	4.5	69822	69885
929	929	三十一个绝望	第929章 三十一个绝望	https://www.qidian.com/chapter/1025901449/740180438/	2022-12-31 16:47:35	2828	2944	4.1	69887	69946
930	930	弑神	第930章 弑神	https://www.qidian.com/chapter/1025901449/740321944/	2023-01-02 11:26:36	2962	3079	4.0	69948	70008
931	931	韩非的决心	第931章 韩非的决心	https://www.qidian.com/chapter/1025901449/740342569/	2023-01-02 18:08:39	3119	3229	3.5	70010	70066
932	932	新神韩非	第932章 新神韩非	https://www.qidian.com/chapter/1025901449/740404566/	2023-01-03 12:03:24	3879	4031	3.9	70068	70148
933	933	九次觉醒的人格	第933章 九次觉醒的人格	https://www.qidian.com/chapter/1025901449/740451635/	2023-01-03 18:02:10	3459	3592	3.8	70150	70222
934	934	大鬼和小鬼	第934章 大鬼和小鬼	https://www.qidian.com/chapter/1025901449/740516547/	2023-01-04 12:08:12	3619	3758	3.8	70224	70298
935	935	我们这算是要和永生制药开战吧？	第935章 我们这算是要和永生制药开战吧？	https://www.qidian.com/chapter/1025901449/740559002/	2023-01-04 18:11:51	3037	3140	3.4	70300	70353
936	936	脑衰竭	第936章 脑衰竭	https://www.qidian.com/chapter/1025901449/740692124/	2023-01-05 12:19:31	3266	3392	3.9	70355	70419
937	937	天网和夜幕	第937章 天网和夜幕	https://www.qidian.com/chapter/1025901449/740782947/	2023-01-05 18:22:55	3044	3148	3.4	70421	70475
938	938	梦的孩子	第938章 梦的孩子	https://www.qidian.com/chapter/1025901449/740980783/	2023-01-06 12:25:49	3220	3364	4.5	70477	70550
939	939	傅生的继承人韩非	第939章 傅生的继承人韩非	https://www.qidian.com/chapter/1025901449/741090885/	2023-01-07 12:24:39	3647	3775	3.5	70552	70617
940	940	最有潜力成为不可言说的人	第940章 最有潜力成为不可言说的人	https://www.qidian.com/chapter/1025901449/741117751/	2023-01-07 20:55:55	3272	3383	3.4	70619	70676
941	941	星期四	第941章 星期四	https://www.qidian.com/chapter/1025901449/741131402/	2023-01-07 23:36:37	3061	3175	3.7	70678	70737
942	942	血色夜的约定	第942章 血色夜的约定	https://www.qidian.com/chapter/1025901449/741154607/	2023-01-08 11:51:56	2839	2961	4.3	70739	70801
943	943	恐惧映入现实	第943章 恐惧映入现实	https://www.qidian.com/chapter/1025901449/741174532/	2023-01-08 18:29:55	2898	3014	4.0	70803	70862
944	944	见面	第944章 见面	https://www.qidian.com/chapter/1025901449/741232606/	2023-01-09 12:09:34	3073	3187	3.7	70864	70922
945	945	我和我的罪孽	第945章 我和我的罪孽	https://www.qidian.com/chapter/1025901449/741376047/	2023-01-10 20:50:32	4805	4995	4.0	70924	71020
946	946	无法退出！	第946章 无法退出！	https://www.qidian.com/chapter/1025901449/741426686/	2023-01-11 13:02:07	4174	4319	3.5	71022	71097
947	947	被噩梦笼罩的十一座神龛	第947章 被噩梦笼罩的十一座神龛	https://www.qidian.com/chapter/1025901449/741526534/	2023-01-12 12:10:57	4125	4259	3.2	71099	71169
948	948	请注意！他来了	第948章 请注意！他来了	https://www.qidian.com/chapter/1025901449/741607887/	2023-01-13 11:47:36	3303	3436	4.0	71171	71239
949	949	阳光男孩和他的幸福社区	第949章 阳光男孩和他的幸福社区	https://www.qidian.com/chapter/1025901449/741720923/	2023-01-14 11:29:55	3804	3938	3.5	71241	71311
950	950	第三层噩梦家宴	第950章 第三层噩梦家宴	https://www.qidian.com/chapter/1025901449/741741912/	2023-01-14 18:08:08	5332	5547	4.0	71313	71422
951	951	治愈噩梦的玩家	第951章 治愈噩梦的玩家	https://www.qidian.com/chapter/1025901449/741789424/	2023-01-15 12:49:03	3838	4002	4.3	71424	71507
952	952	第四层噩梦外星人	第952章 第四层噩梦外星人	https://www.qidian.com/chapter/1025901449/741919157/	2023-01-16 18:30:53	4729	4889	3.4	71509	71590
953	953	紧急会议	第953章 紧急会议	https://www.qidian.com/chapter/1025901449/741967566/	2023-01-17 10:57:49	4678	4846	3.6	71592	71677
954	954	熟悉我的人都知道，我是讲道理的	第954章 熟悉我的人都知道，我是讲道理的	https://www.qidian.com/chapter/1025901449/742027848/	2023-01-17 22:58:49	3421	3548	3.7	71679	71744
955	955	第六层噩梦平安街	第955章 第六层噩梦平安街	https://www.qidian.com/chapter/1025901449/742059360/	2023-01-18 11:28:43	3082	3192	3.6	71746	71802
956	956	骑士和公主	第956章 骑士和公主	https://www.qidian.com/chapter/1025901449/742176881/	2023-01-19 21:26:14	3613	3754	3.9	71804	71875
957	957	我会给你全部的幸福	第957章 我会给你全部的幸福	https://www.qidian.com/chapter/1025901449/742232447/	2023-01-20 17:31:55	2279	2371	4.0	71877	71924
958	958	火焰	第958章 火焰	https://www.qidian.com/chapter/1025901449/742289457/	2023-01-21 17:44:02	3872	4010	3.6	71926	71996
959	959	永不放弃！	第959章 永不放弃！（新年快乐！）	https://www.qidian.com/chapter/1025901449/742342082/	2023-01-22 18:34:54	4604	4788	4.0	71998	72091
960	960	唯一可以退出游戏的玩家	第960章 唯一可以退出游戏的玩家	https://www.qidian.com/chapter/1025901449/742379487/	2023-01-23 12:03:12	4822	4998	3.6	72093	72182
961	961	第七层噩梦驱邪	第961章 第七层噩梦驱邪	https://www.qidian.com/chapter/1025901449/742434209/	2023-01-24 12:00:15	4296	4461	3.8	72184	72268
962	962	找诡游戏	第962章 找诡游戏	https://www.qidian.com/chapter/1025901449/742490113/	2023-01-25 12:21:10	3828	3976	3.9	72270	72346
963	963	开始燃烧的贪欲火焰	第963章 开始燃烧的贪欲火焰	https://www.qidian.com/chapter/1025901449/742518392/	2023-01-26 12:06:00	3291	3411	3.6	72348	72409
964	964	驱邪开始	第964章 驱邪开始	https://www.qidian.com/chapter/1025901449/742623868/	2023-01-27 19:43:32	3273	3385	3.4	72411	72468
965	965	爱已成诡	第965章 爱已成诡	https://www.qidian.com/chapter/1025901449/742669260/	2023-01-28 14:11:39	4327	4485	3.7	72470	72550
966	966	第八层噩梦喜剧演员	第966章 第八层噩梦喜剧演员	https://www.qidian.com/chapter/1025901449/742717867/	2023-01-29 12:06:00	5648	5880	4.1	72552	72669
967	967	唯一的观众	第967章 唯一的观众	https://www.qidian.com/chapter/1025901449/742752976/	2023-01-30 12:06:00	3407	3561	4.5	72671	72749
968	968	不要去考验人性	第968章 不要去考验人性	https://www.qidian.com/chapter/1025901449/742966229/	2023-01-31 12:06:00	4117	4279	3.9	72751	72833
969	969	我可以选择做好人，也可以成为最坏的人	第969章 我可以选择做好人，也可以成为最坏的人	https://www.qidian.com/chapter/1025901449/743122238/	2023-02-01 12:06:00	3436	3541	3.1	72835	72890
970	970	第九层噩梦夜车	第970章 第九层噩梦夜车	https://www.qidian.com/chapter/1025901449/743122472/	2023-02-02 12:06:00	3016	3155	4.6	72892	72958
971	971	两次恋爱	第971章 两次恋爱	https://www.qidian.com/chapter/1025901449/743342096/	2023-02-03 12:06:00	3488	3623	3.9	72960	73028
972	972	这一路颠簸曲折，可我无怨无悔	第972章 这一路颠簸曲折，可我无怨无悔	https://www.qidian.com/chapter/1025901449/743342111/	2023-02-04 12:06:00	3410	3560	4.4	73030	73103
973	973	最不像噩梦的梦	第973章 最不像噩梦的梦	https://www.qidian.com/chapter/1025901449/743434233/	2023-02-05 12:06:00	3759	3910	4.0	73105	73179
974	974	我一生的终点是你	第974章 我一生的终点是你	https://www.qidian.com/chapter/1025901449/743434314/	2023-02-06 12:06:00	3200	3344	4.5	73181	73254
975	975	被囚禁的神	第975章 被囚禁的神	https://www.qidian.com/chapter/1025901449/743669607/	2023-02-07 12:06:00	3803	3966	4.3	73256	73336
976	976	傅生的游戏头盔	第976章 傅生的游戏头盔	https://www.qidian.com/chapter/1025901449/743669680/	2023-02-08 12:06:00	4053	4194	3.5	73338	73410
977	977	黑盒历任主人的祝福	第977章 黑盒历任主人的祝福	https://www.qidian.com/chapter/1025901449/743669709/	2023-02-09 12:06:00	3913	4073	4.1	73412	73493
978	978	二号玩家	第978章 二号玩家	https://www.qidian.com/chapter/1025901449/743945221/	2023-02-10 12:06:00	3853	4001	3.8	73495	73570
979	979	第十一层噩梦遗书	第979章 第十一层噩梦遗书	https://www.qidian.com/chapter/1025901449/743945261/	2023-02-11 12:06:00	3439	3592	4.4	73572	73651
980	980	坟村	第980章 坟村	https://www.qidian.com/chapter/1025901449/743945291/	2023-02-12 12:06:00	4092	4228	3.3	73653	73722
981	981	祭奠	第981章 祭奠	https://www.qidian.com/chapter/1025901449/744204737/	2023-02-13 12:06:00	3667	3835	4.6	73724	73809
982	982	做诡	第982章 做诡	https://www.qidian.com/chapter/1025901449/744204767/	2023-02-14 12:06:00	3617	3767	4.1	73811	73887
983	983	“卑劣”的救世主	第983章 “卑劣”的救世主	https://www.qidian.com/chapter/1025901449/744204793/	2023-02-15 12:06:00	4074	4244	4.2	73889	73976
984	984	集体失踪	第984章 集体失踪	https://www.qidian.com/chapter/1025901449/744204887/	2023-02-16 12:06:00	3864	3989	3.2	73978	74042
985	985	梦魇工厂	第985章 梦魇工厂	https://www.qidian.com/chapter/1025901449/744614160/	2023-02-17 12:06:00	3824	3982	4.1	74044	74124
986	986	我家？	第986章 我家？	https://www.qidian.com/chapter/1025901449/744614201/	2023-02-18 12:06:00	3535	3643	3.1	74126	74181
987	987	韩非的梦魇	第987章 韩非的梦魇	https://www.qidian.com/chapter/1025901449/744614223/	2023-02-19 12:06:00	4067	4223	3.8	74183	74262
988	988	初代鬼的救赎	第988章 初代鬼的救赎	https://www.qidian.com/chapter/1025901449/744614246/	2023-02-20 12:06:00	3629	3753	3.4	74264	74327
989	989	噩梦布下的死局	第989章 噩梦布下的死局	https://www.qidian.com/chapter/1025901449/744614274/	2023-02-21 12:06:00	4077	4228	3.7	74329	74406
990	990	我的人生总是这样绝望吗？	第990章 我的人生总是这样绝望吗？	https://www.qidian.com/chapter/1025901449/745091489/	2023-02-22 12:06:00	3928	4087	4.0	74408	74489
991	991	三天	第991章 三天	https://www.qidian.com/chapter/1025901449/745091514/	2023-02-23 12:06:00	4300	4438	3.2	74491	74561
992	992	狂笑身上的伤口	第992章 狂笑身上的伤口	https://www.qidian.com/chapter/1025901449/745091583/	2023-02-24 12:06:00	3811	3964	4.0	74563	74641
993	993	最后一个噩梦：希望你每天快乐	第993章 最后一个噩梦：希望你每天快乐	https://www.qidian.com/chapter/1025901449/745091643/	2023-02-25 12:06:00	3552	3722	4.8	74643	74729
994	994	开在深海的花	第994章 开在深海的花	https://www.qidian.com/chapter/1025901449/745428267/	2023-02-25 22:56:36	2953	3113	5.4	74731	74812
995	995	命运的尽头	第995章 命运的尽头	https://www.qidian.com/chapter/1025901449/745450176/	2023-02-26 13:18:00	3807	3969	4.3	74814	74896
996	996	不可言说的狂笑	第996章 不可言说的狂笑	https://www.qidian.com/chapter/1025901449/745517172/	2023-02-27 12:00:00	3244	3374	4.0	74898	74964
997	997	血色夜	第997章 血色夜	https://www.qidian.com/chapter/1025901449/745585349/	2023-02-27 21:04:57	7696	8018	4.2	74966	75128
998	998	留给世界的微笑	第998章 留给世界的微笑	https://www.qidian.com/chapter/1025901449/745588197/	2023-02-28 02:38:00	6955	7277	4.6	75130	75292
999	999	没有你的世界	第999章 没有你的世界	https://www.qidian.com/chapter/1025901449/745654115/	2023-02-28 17:57:40	6207	6531	5.2	75294	75458
1000	1000	欢迎来到完美人生（终章）	第1000章 欢迎来到完美人生（终章）	https://www.qidian.com/chapter/1025901449/745751679/	2023-03-01 16:49:27	5458	6201	13.6	75460	75597
